timestamp,src_ip,dst_ip,protocol,src_port,dst_port,packet_size,protocol_encoded,is_https,is_dns,traffic_type,privacy_score,traffic_mb,carbon_estimate
2026-06-09 21:50:03,20.44.10.123,172.23.176.55,TCP,443,55053,54,1,1,0,Unknown,30,5.14984130859375e-05,3.0899047851562498e-06
2026-06-09 21:50:09,172.23.176.55,13.89.179.14,TCP,55089,443,66,1,1,0,Browsing,100,6.29425048828125e-05,3.77655029296875e-06
2026-06-09 21:50:09,13.89.179.14,172.23.176.55,TCP,443,55089,66,1,1,0,Unknown,30,6.29425048828125e-05,3.77655029296875e-06
2026-06-09 21:50:09,172.23.176.55,13.89.179.14,TCP,55089,443,54,1,1,0,Browsing,100,5.14984130859375e-05,3.0899047851562498e-06
2026-06-09 21:50:09,172.23.176.55,13.89.179.14,TCP,55089,443,285,1,1,0,Browsing,100,0.00027179718017578125,1.6307830810546873e-05
2026-06-09 21:50:10,13.89.179.14,172.23.176.55,TCP,443,55089,1354,1,1,0,Unknown,30,0.0012912750244140625,7.747650146484375e-05
2026-06-09 21:50:10,172.23.176.55,13.89.179.14,TCP,55089,443,54,1,1,0,Browsing,100,5.14984130859375e-05,3.0899047851562498e-06
2026-06-09 21:50:10,13.89.179.14,172.23.176.55,TCP,443,55089,1354,1,1,0,Unknown,30,0.0012912750244140625,7.747650146484375e-05
2026-06-09 21:50:10,172.23.176.55,13.89.179.14,TCP,55089,443,54,1,1,0,Browsing,100,5.14984130859375e-05,3.0899047851562498e-06
2026-06-09 21:50:10,13.89.179.14,172.23.176.55,TCP,443,55089,1354,1,1,0,Unknown,30,0.0012912750244140625,7.747650146484375e-05
2026-06-09 21:50:10,172.23.176.55,13.89.179.14,TCP,55089,443,54,1,1,0,Browsing,100,5.14984130859375e-05,3.0899047851562498e-06
2026-06-09 21:50:10,13.89.179.14,172.23.176.55,TCP,443,55089,1354,1,1,0,Unknown,30,0.0012912750244140625,7.747650146484375e-05
2026-06-09 21:50:10,172.23.176.55,13.89.179.14,TCP,55089,443,54,1,1,0,Browsing,100,5.14984130859375e-05,3.0899047851562498e-06
2026-06-09 21:50:10,13.89.179.14,172.23.176.55,TCP,443,55089,1354,1,1,0,Unknown,30,0.0012912750244140625,7.747650146484375e-05
2026-06-09 21:50:10,172.23.176.55,13.89.179.14,TCP,55089,443,54,1,1,0,Browsing,100,5.14984130859375e-05,3.0899047851562498e-06
2026-06-09 21:50:10,13.89.179.14,172.23.176.55,TCP,443,55089,1354,1,1,0,Unknown,30,0.0012912750244140625,7.747650146484375e-05
2026-06-09 21:50:10,172.23.176.55,13.89.179.14,TCP,55089,443,54,1,1,0,Browsing,100,5.14984130859375e-05,3.0899047851562498e-06
2026-06-09 21:50:10,13.89.179.14,172.23.176.55,TCP,443,55089,674,1,1,0,Unknown,30,0.0006427764892578125,3.856658935546875e-05
2026-06-09 21:50:10,172.23.176.55,13.89.179.14,TCP,55089,443,54,1,1,0,Browsing,100,5.14984130859375e-05,3.0899047851562498e-06
2026-06-09 21:50:10,172.23.176.55,13.89.179.14,TCP,55089,443,212,1,1,0,Browsing,100,0.000202178955078125,1.2130737304687499e-05
2026-06-09 21:50:10,172.23.176.55,20.44.10.123,TCP,55053,443,172,1,1,0,Browsing,100,0.000164031982421875,9.8419189453125e-06
2026-06-09 21:50:10,172.23.176.55,20.44.10.123,TCP,55053,443,1354,1,1,0,Browsing,100,0.0012912750244140625,7.747650146484375e-05
2026-06-09 21:50:10,172.23.176.55,20.44.10.123,TCP,55053,443,1354,1,1,0,Browsing,100,0.0012912750244140625,7.747650146484375e-05
2026-06-09 21:50:10,172.23.176.55,20.44.10.123,TCP,55053,443,1354,1,1,0,Browsing,100,0.0012912750244140625,7.747650146484375e-05
2026-06-09 21:50:10,13.89.179.14,172.23.176.55,TCP,443,55089,105,1,1,0,Unknown,30,0.00010013580322265625,6.008148193359375e-06
2026-06-09 21:50:10,172.23.176.55,13.89.179.14,TCP,55089,443,54,1,1,0,Browsing,100,5.14984130859375e-05,3.0899047851562498e-06
2026-06-09 21:50:10,172.23.176.55,13.89.179.14,TCP,55089,443,1265,1,1,0,Browsing,100,0.0012063980102539062,7.238388061523437e-05
2026-06-09 21:50:10,172.23.176.55,13.89.179.14,TCP,55089,443,1354,1,1,0,Browsing,100,0.0012912750244140625,7.747650146484375e-05
2026-06-09 21:50:11,172.23.176.55,13.89.179.14,TCP,55089,443,703,1,1,0,Browsing,100,0.0006704330444335938,4.0225982666015625e-05
2026-06-09 21:50:11,20.44.10.123,172.23.176.55,TCP,443,55053,54,1,1,0,Unknown,30,5.14984130859375e-05,3.0899047851562498e-06
2026-06-09 21:50:11,172.23.176.55,20.44.10.123,TCP,55053,443,1354,1,1,0,Browsing,100,0.0012912750244140625,7.747650146484375e-05
2026-06-09 21:50:11,20.44.10.123,172.23.176.55,TCP,443,55053,54,1,1,0,Unknown,30,5.14984130859375e-05,3.0899047851562498e-06
2026-06-09 21:50:11,172.23.176.55,20.44.10.123,TCP,55053,443,1354,1,1,0,Browsing,100,0.0012912750244140625,7.747650146484375e-05
2026-06-09 21:50:11,172.23.176.55,20.44.10.123,TCP,55053,443,1354,1,1,0,Browsing,100,0.0012912750244140625,7.747650146484375e-05
2026-06-09 21:50:11,13.89.179.14,172.23.176.55,TCP,443,55089,108,1,1,0,Unknown,30,0.000102996826171875,6.1798095703124996e-06
2026-06-09 21:50:11,172.23.176.55,13.89.179.14,TCP,55089,443,54,1,1,0,Browsing,100,5.14984130859375e-05,3.0899047851562498e-06
2026-06-09 21:50:11,13.89.179.14,172.23.176.55,TCP,443,55089,54,1,1,0,Unknown,30,5.14984130859375e-05,3.0899047851562498e-06
2026-06-09 21:50:11,13.89.179.14,172.23.176.55,TCP,443,55089,54,1,1,0,Unknown,30,5.14984130859375e-05,3.0899047851562498e-06
2026-06-09 21:50:11,13.89.179.14,172.23.176.55,TCP,443,55089,507,1,1,0,Unknown,30,0.00048351287841796875,2.9010772705078123e-05
2026-06-09 21:50:12,172.23.176.55,13.89.179.14,TCP,55089,443,54,1,1,0,Browsing,100,5.14984130859375e-05,3.0899047851562498e-06
2026-06-09 21:50:12,20.44.10.123,172.23.176.55,TCP,443,55053,54,1,1,0,Unknown,30,5.14984130859375e-05,3.0899047851562498e-06
2026-06-09 21:50:12,172.23.176.55,20.44.10.123,TCP,55053,443,1354,1,1,0,Browsing,100,0.0012912750244140625,7.747650146484375e-05
2026-06-09 21:50:12,20.44.10.123,172.23.176.55,TCP,443,55053,54,1,1,0,Unknown,30,5.14984130859375e-05,3.0899047851562498e-06
2026-06-09 21:50:12,172.23.176.55,20.44.10.123,TCP,55053,443,1354,1,1,0,Browsing,100,0.0012912750244140625,7.747650146484375e-05
2026-06-09 21:50:12,172.23.176.55,20.44.10.123,TCP,55053,443,1354,1,1,0,Browsing,100,0.0012912750244140625,7.747650146484375e-05
2026-06-09 21:50:12,20.44.10.123,172.23.176.55,TCP,443,55053,54,1,1,0,Unknown,30,5.14984130859375e-05,3.0899047851562498e-06
2026-06-09 21:50:12,172.23.176.55,20.44.10.123,TCP,55053,443,1354,1,1,0,Browsing,100,0.0012912750244140625,7.747650146484375e-05
2026-06-09 21:50:12,172.23.176.55,20.44.10.123,TCP,55053,443,630,1,1,0,Browsing,100,0.0006008148193359375,3.604888916015625e-05
2026-06-09 21:50:12,20.44.10.123,172.23.176.55,TCP,443,55053,54,1,1,0,Unknown,30,5.14984130859375e-05,3.0899047851562498e-06
2026-06-09 21:50:12,20.44.10.123,172.23.176.55,TCP,443,55053,54,1,1,0,Unknown,30,5.14984130859375e-05,3.0899047851562498e-06
2026-06-09 21:50:12,20.44.10.123,172.23.176.55,TCP,443,55053,148,1,1,0,Unknown,30,0.000141143798828125,8.468627929687499e-06
2026-06-09 21:50:12,172.23.176.55,20.44.10.123,TCP,55053,443,54,1,1,0,Browsing,100,5.14984130859375e-05,3.0899047851562498e-06
2026-06-09 21:50:12,172.23.176.55,20.44.10.123,TCP,55053,443,89,1,1,0,Browsing,100,8.487701416015625e-05,5.092620849609375e-06
2026-06-09 21:50:13,20.44.10.123,172.23.176.55,TCP,443,55053,54,1,1,0,Unknown,30,5.14984130859375e-05,3.0899047851562498e-06
2026-06-09 21:50:13,172.23.176.55,20.44.10.123,TCP,55053,443,166,1,1,0,Browsing,100,0.0001583099365234375,9.498596191406249e-06
2026-06-09 21:50:13,172.23.176.55,20.44.10.123,TCP,55053,443,1354,1,1,0,Browsing,100,0.0012912750244140625,7.747650146484375e-05
2026-06-09 21:50:13,172.23.176.55,20.44.10.123,TCP,55053,443,1354,1,1,0,Browsing,100,0.0012912750244140625,7.747650146484375e-05
2026-06-09 21:50:13,172.23.176.55,20.44.10.123,TCP,55053,443,1354,1,1,0,Browsing,100,0.0012912750244140625,7.747650146484375e-05
2026-06-09 21:50:13,172.23.176.55,20.44.10.123,TCP,55053,443,1354,1,1,0,Browsing,100,0.0012912750244140625,7.747650146484375e-05
2026-06-09 21:50:13,20.44.10.123,172.23.176.55,TCP,443,55053,54,1,1,0,Unknown,30,5.14984130859375e-05,3.0899047851562498e-06
2026-06-09 21:50:13,172.23.176.55,20.44.10.123,TCP,55053,443,1354,1,1,0,Browsing,100,0.0012912750244140625,7.747650146484375e-05
2026-06-09 21:50:13,20.44.10.123,172.23.176.55,TCP,443,55053,54,1,1,0,Unknown,30,5.14984130859375e-05,3.0899047851562498e-06
2026-06-09 21:50:13,172.23.176.55,20.44.10.123,TCP,55053,443,1354,1,1,0,Browsing,100,0.0012912750244140625,7.747650146484375e-05
2026-06-09 21:50:13,172.23.176.55,20.44.10.123,TCP,55053,443,1354,1,1,0,Browsing,100,0.0012912750244140625,7.747650146484375e-05
2026-06-09 21:50:13,20.44.10.123,172.23.176.55,TCP,443,55053,54,1,1,0,Unknown,30,5.14984130859375e-05,3.0899047851562498e-06
2026-06-09 21:50:13,172.23.176.55,20.44.10.123,TCP,55053,443,1354,1,1,0,Browsing,100,0.0012912750244140625,7.747650146484375e-05
2026-06-09 21:50:13,20.44.10.123,172.23.176.55,TCP,443,55053,54,1,1,0,Unknown,30,5.14984130859375e-05,3.0899047851562498e-06
2026-06-09 21:50:13,172.23.176.55,20.44.10.123,TCP,55053,443,1354,1,1,0,Browsing,100,0.0012912750244140625,7.747650146484375e-05
2026-06-09 21:50:13,172.23.176.55,20.44.10.123,TCP,55053,443,1354,1,1,0,Browsing,100,0.0012912750244140625,7.747650146484375e-05
2026-06-09 21:50:13,20.44.10.123,172.23.176.55,TCP,443,55053,54,1,1,0,Unknown,30,5.14984130859375e-05,3.0899047851562498e-06
2026-06-09 21:50:13,172.23.176.55,20.44.10.123,TCP,55053,443,1354,1,1,0,Browsing,100,0.0012912750244140625,7.747650146484375e-05
2026-06-09 21:50:13,172.23.176.55,20.44.10.123,TCP,55053,443,1354,1,1,0,Browsing,100,0.0012912750244140625,7.747650146484375e-05
2026-06-09 21:50:13,20.44.10.123,172.23.176.55,TCP,443,55053,54,1,1,0,Unknown,30,5.14984130859375e-05,3.0899047851562498e-06
2026-06-09 21:50:13,172.23.176.55,20.44.10.123,TCP,55053,443,1354,1,1,0,Browsing,100,0.0012912750244140625,7.747650146484375e-05
2026-06-09 21:50:13,172.23.176.55,20.44.10.123,TCP,55053,443,1354,1,1,0,Browsing,100,0.0012912750244140625,7.747650146484375e-05
2026-06-09 21:50:13,172.23.176.55,20.44.10.123,TCP,55053,443,787,1,1,0,Browsing,100,0.0007505416870117188,4.5032501220703124e-05
2026-06-09 21:50:13,20.44.10.123,172.23.176.55,TCP,443,55053,54,1,1,0,Unknown,30,5.14984130859375e-05,3.0899047851562498e-06
2026-06-09 21:50:13,20.44.10.123,172.23.176.55,TCP,443,55053,54,1,1,0,Unknown,30,5.14984130859375e-05,3.0899047851562498e-06
2026-06-09 21:50:13,20.44.10.123,172.23.176.55,TCP,443,55053,148,1,1,0,Unknown,30,0.000141143798828125,8.468627929687499e-06
2026-06-09 21:50:13,172.23.176.55,20.44.10.123,TCP,55053,443,54,1,1,0,Browsing,100,5.14984130859375e-05,3.0899047851562498e-06
2026-06-09 21:50:15,172.23.176.55,172.23.176.184,UDP,63531,53,92,2,0,1,System,30,8.7738037109375e-05,5.2642822265625e-06
2026-06-09 21:50:15,172.23.176.55,172.23.176.184,UDP,54238,53,92,2,0,1,System,30,8.7738037109375e-05,5.2642822265625e-06
2026-06-09 21:50:15,172.23.176.55,172.23.176.184,UDP,52642,53,92,2,0,1,System,30,8.7738037109375e-05,5.2642822265625e-06
2026-06-09 21:50:15,172.23.176.55,20.44.10.123,TCP,55053,443,166,1,1,0,Browsing,100,0.0001583099365234375,9.498596191406249e-06
2026-06-09 21:50:15,172.23.176.55,20.44.10.123,TCP,55053,443,1354,1,1,0,Browsing,100,0.0012912750244140625,7.747650146484375e-05
2026-06-09 21:50:15,172.23.176.55,20.44.10.123,TCP,55053,443,1354,1,1,0,Browsing,100,0.0012912750244140625,7.747650146484375e-05
2026-06-09 21:50:15,172.23.176.55,20.44.10.123,TCP,55053,443,1354,1,1,0,Browsing,100,0.0012912750244140625,7.747650146484375e-05
2026-06-09 21:50:15,172.23.176.55,20.44.10.123,TCP,55053,443,1354,1,1,0,Browsing,100,0.0012912750244140625,7.747650146484375e-05
2026-06-09 21:50:15,172.23.176.184,172.23.176.55,UDP,53,63531,257,2,0,1,Unknown,30,0.00024509429931640625,1.4705657958984375e-05
2026-06-09 21:50:15,172.23.176.184,172.23.176.55,UDP,53,54238,257,2,0,1,Unknown,30,0.00024509429931640625,1.4705657958984375e-05
2026-06-09 21:50:15,172.23.176.184,172.23.176.55,UDP,53,52642,212,2,0,1,Unknown,30,0.000202178955078125,1.2130737304687499e-05
2026-06-09 21:50:15,20.44.10.123,172.23.176.55,TCP,443,55053,54,1,1,0,Unknown,30,5.14984130859375e-05,3.0899047851562498e-06
2026-06-09 21:50:15,172.23.176.55,20.44.10.123,TCP,55053,443,1354,1,1,0,Browsing,100,0.0012912750244140625,7.747650146484375e-05
2026-06-09 21:50:15,20.44.10.123,172.23.176.55,TCP,443,55053,54,1,1,0,Unknown,30,5.14984130859375e-05,3.0899047851562498e-06
2026-06-09 21:50:15,172.23.176.55,20.44.10.123,TCP,55053,443,1354,1,1,0,Browsing,100,0.0012912750244140625,7.747650146484375e-05
2026-06-09 21:50:15,172.23.176.55,20.44.10.123,TCP,55053,443,1354,1,1,0,Browsing,100,0.0012912750244140625,7.747650146484375e-05
2026-06-09 21:50:15,20.44.10.123,172.23.176.55,TCP,443,55053,54,1,1,0,Unknown,30,5.14984130859375e-05,3.0899047851562498e-06
2026-06-09 21:50:15,172.23.176.55,20.44.10.123,TCP,55053,443,1354,1,1,0,Browsing,100,0.0012912750244140625,7.747650146484375e-05
2026-06-09 21:50:15,20.44.10.123,172.23.176.55,TCP,443,55053,54,1,1,0,Unknown,30,5.14984130859375e-05,3.0899047851562498e-06
2026-06-09 21:50:15,172.23.176.55,20.44.10.123,TCP,55053,443,1354,1,1,0,Browsing,100,0.0012912750244140625,7.747650146484375e-05
2026-06-09 21:50:15,172.23.176.55,20.44.10.123,TCP,55053,443,1354,1,1,0,Browsing,100,0.0012912750244140625,7.747650146484375e-05
2026-06-09 21:50:15,172.23.176.55,20.44.10.123,TCP,55053,443,564,1,1,0,Browsing,100,0.000537872314453125,3.2272338867187496e-05
2026-06-09 21:50:15,20.44.10.123,172.23.176.55,TCP,443,55053,54,1,1,0,Unknown,30,5.14984130859375e-05,3.0899047851562498e-06
2026-06-09 21:50:16,20.44.10.123,172.23.176.55,TCP,443,55053,54,1,1,0,Unknown,30,5.14984130859375e-05,3.0899047851562498e-06
2026-06-09 21:50:16,20.44.10.123,172.23.176.55,TCP,443,55053,153,1,1,0,Unknown,30,0.00014591217041015625,8.754730224609375e-06
2026-06-09 21:50:16,172.23.176.55,20.44.10.123,TCP,55053,443,54,1,1,0,Browsing,100,5.14984130859375e-05,3.0899047851562498e-06
2026-06-09 21:50:17,172.23.176.55,20.44.10.123,TCP,55053,443,166,1,1,0,Browsing,100,0.0001583099365234375,9.498596191406249e-06
2026-06-09 21:50:17,172.23.176.55,20.44.10.123,TCP,55053,443,1354,1,1,0,Browsing,100,0.0012912750244140625,7.747650146484375e-05
2026-06-09 21:50:17,172.23.176.55,20.44.10.123,TCP,55053,443,1354,1,1,0,Browsing,100,0.0012912750244140625,7.747650146484375e-05
2026-06-09 21:50:17,172.23.176.55,20.44.10.123,TCP,55053,443,1354,1,1,0,Browsing,100,0.0012912750244140625,7.747650146484375e-05
2026-06-09 21:50:17,172.23.176.55,20.44.10.123,TCP,55053,443,1354,1,1,0,Browsing,100,0.0012912750244140625,7.747650146484375e-05
2026-06-09 21:50:17,172.23.176.55,20.44.10.123,TCP,55053,443,1354,1,1,0,Browsing,100,0.0012912750244140625,7.747650146484375e-05
2026-06-09 21:50:17,20.44.10.123,172.23.176.55,TCP,443,55053,54,1,1,0,Unknown,30,5.14984130859375e-05,3.0899047851562498e-06
2026-06-09 21:50:17,20.44.10.123,172.23.176.55,TCP,443,55053,54,1,1,0,Unknown,30,5.14984130859375e-05,3.0899047851562498e-06
2026-06-09 21:50:17,172.23.176.55,20.44.10.123,TCP,55053,443,1354,1,1,0,Browsing,100,0.0012912750244140625,7.747650146484375e-05
2026-06-09 21:50:18,172.23.176.55,20.44.10.123,TCP,55053,443,1354,1,1,0,Browsing,100,0.0012912750244140625,7.747650146484375e-05
2026-06-09 21:50:18,20.44.10.123,172.23.176.55,TCP,443,55053,54,1,1,0,Unknown,30,5.14984130859375e-05,3.0899047851562498e-06
2026-06-09 21:50:18,172.23.176.55,20.44.10.123,TCP,55053,443,1354,1,1,0,Browsing,100,0.0012912750244140625,7.747650146484375e-05
2026-06-09 21:50:18,20.44.10.123,172.23.176.55,TCP,443,55053,54,1,1,0,Unknown,30,5.14984130859375e-05,3.0899047851562498e-06
2026-06-09 21:50:18,172.23.176.55,20.44.10.123,TCP,55053,443,1354,1,1,0,Browsing,100,0.0012912750244140625,7.747650146484375e-05
2026-06-09 21:50:18,172.23.176.55,20.44.10.123,TCP,55053,443,1354,1,1,0,Browsing,100,0.0012912750244140625,7.747650146484375e-05
2026-06-09 21:50:18,20.44.10.123,172.23.176.55,TCP,443,55053,54,1,1,0,Unknown,30,5.14984130859375e-05,3.0899047851562498e-06
2026-06-09 21:50:18,172.23.176.55,20.44.10.123,TCP,55053,443,1354,1,1,0,Browsing,100,0.0012912750244140625,7.747650146484375e-05
2026-06-09 21:50:18,172.23.176.55,20.44.10.123,TCP,55053,443,1354,1,1,0,Browsing,100,0.0012912750244140625,7.747650146484375e-05
2026-06-09 21:50:18,172.23.176.55,20.44.10.123,TCP,55053,443,660,1,1,0,Browsing,100,0.000629425048828125,3.77655029296875e-05
2026-06-09 21:50:18,20.44.10.123,172.23.176.55,TCP,443,55053,54,1,1,0,Unknown,30,5.14984130859375e-05,3.0899047851562498e-06
2026-06-09 21:50:18,20.44.10.123,172.23.176.55,TCP,443,55053,54,1,1,0,Unknown,30,5.14984130859375e-05,3.0899047851562498e-06
2026-06-09 21:50:18,20.44.10.123,172.23.176.55,TCP,443,55053,148,1,1,0,Unknown,30,0.000141143798828125,8.468627929687499e-06
2026-06-09 21:50:18,172.23.176.55,20.44.10.123,TCP,55053,443,89,1,1,0,Browsing,100,8.487701416015625e-05,5.092620849609375e-06
2026-06-09 21:50:19,20.44.10.123,172.23.176.55,TCP,443,55053,54,1,1,0,Unknown,30,5.14984130859375e-05,3.0899047851562498e-06
2026-06-09 21:50:19,172.23.176.55,20.44.10.123,TCP,55053,443,166,1,1,0,Browsing,100,0.0001583099365234375,9.498596191406249e-06
2026-06-09 21:50:19,172.23.176.55,20.44.10.123,TCP,55053,443,1354,1,1,0,Browsing,100,0.0012912750244140625,7.747650146484375e-05
2026-06-09 21:50:19,172.23.176.55,20.44.10.123,TCP,55053,443,1354,1,1,0,Browsing,100,0.0012912750244140625,7.747650146484375e-05
2026-06-09 21:50:19,172.23.176.55,20.44.10.123,TCP,55053,443,1354,1,1,0,Browsing,100,0.0012912750244140625,7.747650146484375e-05
2026-06-09 21:50:19,172.23.176.55,20.44.10.123,TCP,55053,443,1354,1,1,0,Browsing,100,0.0012912750244140625,7.747650146484375e-05
2026-06-09 21:50:19,172.23.176.55,20.44.10.123,TCP,55053,443,1354,1,1,0,Browsing,100,0.0012912750244140625,7.747650146484375e-05
2026-06-09 21:50:19,20.44.10.123,172.23.176.55,TCP,443,55053,54,1,1,0,Unknown,30,5.14984130859375e-05,3.0899047851562498e-06
2026-06-09 21:50:19,172.23.176.55,20.44.10.123,TCP,55053,443,1354,1,1,0,Browsing,100,0.0012912750244140625,7.747650146484375e-05
2026-06-09 21:50:19,172.23.176.55,20.44.10.123,TCP,55053,443,1354,1,1,0,Browsing,100,0.0012912750244140625,7.747650146484375e-05
2026-06-09 21:50:19,20.44.10.123,172.23.176.55,TCP,443,55053,54,1,1,0,Unknown,30,5.14984130859375e-05,3.0899047851562498e-06
2026-06-09 21:50:19,172.23.176.55,20.44.10.123,TCP,55053,443,1354,1,1,0,Browsing,100,0.0012912750244140625,7.747650146484375e-05
2026-06-09 21:50:19,172.23.176.55,20.44.10.123,TCP,55053,443,1354,1,1,0,Browsing,100,0.0012912750244140625,7.747650146484375e-05
2026-06-09 21:50:19,172.23.176.55,20.44.10.123,TCP,55053,443,1354,1,1,0,Browsing,100,0.0012912750244140625,7.747650146484375e-05
2026-06-09 21:50:19,20.44.10.123,172.23.176.55,TCP,443,55053,54,1,1,0,Unknown,30,5.14984130859375e-05,3.0899047851562498e-06
2026-06-09 21:50:19,172.23.176.55,20.44.10.123,TCP,55053,443,1354,1,1,0,Browsing,100,0.0012912750244140625,7.747650146484375e-05
2026-06-09 21:50:19,172.23.176.55,20.44.10.123,TCP,55053,443,1354,1,1,0,Browsing,100,0.0012912750244140625,7.747650146484375e-05
2026-06-09 21:50:19,172.23.176.55,20.44.10.123,TCP,55053,443,660,1,1,0,Browsing,100,0.000629425048828125,3.77655029296875e-05
2026-06-09 21:50:20,20.44.10.123,172.23.176.55,TCP,443,55053,54,1,1,0,Unknown,30,5.14984130859375e-05,3.0899047851562498e-06
2026-06-09 21:50:20,20.44.10.123,172.23.176.55,TCP,443,55053,54,1,1,0,Unknown,30,5.14984130859375e-05,3.0899047851562498e-06
2026-06-09 21:50:20,20.44.10.123,172.23.176.55,TCP,443,55053,54,1,1,0,Unknown,30,5.14984130859375e-05,3.0899047851562498e-06
2026-06-09 21:50:20,20.44.10.123,172.23.176.55,TCP,443,55053,54,1,1,0,Unknown,30,5.14984130859375e-05,3.0899047851562498e-06
2026-06-09 21:50:20,20.44.10.123,172.23.176.55,TCP,443,55053,89,1,1,0,Unknown,30,8.487701416015625e-05,5.092620849609375e-06
2026-06-09 21:50:20,20.44.10.123,172.23.176.55,TCP,443,55053,187,1,1,0,Unknown,30,0.00017833709716796875,1.0700225830078124e-05
2026-06-09 21:50:20,172.23.176.55,20.44.10.123,TCP,55053,443,66,1,1,0,Browsing,100,6.29425048828125e-05,3.77655029296875e-06
2026-06-09 21:50:21,172.23.176.55,20.44.10.123,TCP,55053,443,166,1,1,0,Browsing,100,0.0001583099365234375,9.498596191406249e-06
2026-06-09 21:50:21,172.23.176.55,20.44.10.123,TCP,55053,443,1354,1,1,0,Browsing,100,0.0012912750244140625,7.747650146484375e-05
2026-06-09 21:50:21,172.23.176.55,20.44.10.123,TCP,55053,443,1354,1,1,0,Browsing,100,0.0012912750244140625,7.747650146484375e-05
2026-06-09 21:50:21,172.23.176.55,20.44.10.123,TCP,55053,443,1354,1,1,0,Browsing,100,0.0012912750244140625,7.747650146484375e-05
2026-06-09 21:50:21,172.23.176.55,20.44.10.123,TCP,55053,443,1354,1,1,0,Browsing,100,0.0012912750244140625,7.747650146484375e-05
2026-06-09 21:50:21,172.23.176.55,20.44.10.123,TCP,55053,443,1354,1,1,0,Browsing,100,0.0012912750244140625,7.747650146484375e-05
2026-06-09 21:50:21,172.23.176.55,20.44.10.123,TCP,55053,443,1354,1,1,0,Browsing,100,0.0012912750244140625,7.747650146484375e-05
2026-06-09 21:50:21,172.23.176.55,20.44.10.123,TCP,55053,443,1354,1,1,0,Browsing,100,0.0012912750244140625,7.747650146484375e-05
2026-06-09 21:50:21,172.23.176.55,20.44.10.123,TCP,55053,443,1354,1,1,0,Browsing,100,0.0012912750244140625,7.747650146484375e-05
2026-06-09 21:50:21,172.23.176.55,20.44.10.123,TCP,55053,443,1354,1,1,0,Browsing,100,0.0012912750244140625,7.747650146484375e-05
2026-06-09 21:50:21,172.23.176.55,20.44.10.123,TCP,55053,443,1354,1,1,0,Browsing,100,0.0012912750244140625,7.747650146484375e-05
2026-06-09 21:50:21,172.23.176.55,20.44.10.123,TCP,55053,443,564,1,1,0,Browsing,100,0.000537872314453125,3.2272338867187496e-05
2026-06-09 21:50:22,20.44.10.123,172.23.176.55,TCP,443,55053,54,1,1,0,Unknown,30,5.14984130859375e-05,3.0899047851562498e-06
2026-06-09 21:50:22,20.44.10.123,172.23.176.55,TCP,443,55053,54,1,1,0,Unknown,30,5.14984130859375e-05,3.0899047851562498e-06
2026-06-09 21:50:22,20.44.10.123,172.23.176.55,TCP,443,55053,54,1,1,0,Unknown,30,5.14984130859375e-05,3.0899047851562498e-06
2026-06-09 21:50:22,20.44.10.123,172.23.176.55,TCP,443,55053,54,1,1,0,Unknown,30,5.14984130859375e-05,3.0899047851562498e-06
2026-06-09 21:50:22,20.44.10.123,172.23.176.55,TCP,443,55053,54,1,1,0,Unknown,30,5.14984130859375e-05,3.0899047851562498e-06
2026-06-09 21:50:22,20.44.10.123,172.23.176.55,TCP,443,55053,54,1,1,0,Unknown,30,5.14984130859375e-05,3.0899047851562498e-06
2026-06-09 21:50:22,20.44.10.123,172.23.176.55,TCP,443,55053,152,1,1,0,Unknown,30,0.00014495849609375,8.697509765625e-06
2026-06-09 21:50:22,172.23.176.55,20.44.10.123,TCP,55053,443,54,1,1,0,Browsing,100,5.14984130859375e-05,3.0899047851562498e-06
2026-06-09 21:50:23,172.23.176.55,20.44.10.123,TCP,55053,443,171,1,1,0,Browsing,100,0.00016307830810546875,9.784698486328125e-06
2026-06-09 21:50:23,172.23.176.55,20.44.10.123,TCP,55053,443,1354,1,1,0,Browsing,100,0.0012912750244140625,7.747650146484375e-05
2026-06-09 21:50:23,172.23.176.55,20.44.10.123,TCP,55053,443,1354,1,1,0,Browsing,100,0.0012912750244140625,7.747650146484375e-05
2026-06-09 21:50:23,172.23.176.55,20.44.10.123,TCP,55053,443,1354,1,1,0,Browsing,100,0.0012912750244140625,7.747650146484375e-05
2026-06-09 21:50:23,172.23.176.55,20.44.10.123,TCP,55053,443,1354,1,1,0,Browsing,100,0.0012912750244140625,7.747650146484375e-05
2026-06-09 21:50:24,172.23.176.55,20.44.10.123,TCP,55053,443,276,1,1,0,Browsing,100,0.000263214111328125,1.57928466796875e-05
2026-06-09 21:50:24,20.44.10.123,172.23.176.55,TCP,443,55053,54,1,1,0,Unknown,30,5.14984130859375e-05,3.0899047851562498e-06
2026-06-09 21:50:24,20.44.10.123,172.23.176.55,TCP,443,55053,54,1,1,0,Unknown,30,5.14984130859375e-05,3.0899047851562498e-06
2026-06-09 21:50:24,20.44.10.123,172.23.176.55,TCP,443,55053,54,1,1,0,Unknown,30,5.14984130859375e-05,3.0899047851562498e-06
2026-06-09 21:50:24,20.44.10.123,172.23.176.55,TCP,443,55053,152,1,1,0,Unknown,30,0.00014495849609375,8.697509765625e-06
2026-06-09 21:50:24,172.23.176.55,20.44.10.123,TCP,55053,443,89,1,1,0,Browsing,100,8.487701416015625e-05,5.092620849609375e-06
2026-06-09 21:50:24,20.44.10.123,172.23.176.55,TCP,443,55053,54,1,1,0,Unknown,30,5.14984130859375e-05,3.0899047851562498e-06
2026-06-09 21:50:26,172.23.176.55,20.44.10.123,TCP,55053,443,166,1,1,0,Browsing,100,0.0001583099365234375,9.498596191406249e-06
2026-06-09 21:50:26,172.23.176.55,20.44.10.123,TCP,55053,443,1354,1,1,0,Browsing,100,0.0012912750244140625,7.747650146484375e-05
2026-06-09 21:50:26,172.23.176.55,20.44.10.123,TCP,55053,443,1354,1,1,0,Browsing,100,0.0012912750244140625,7.747650146484375e-05
2026-06-09 21:50:26,172.23.176.55,20.44.10.123,TCP,55053,443,1354,1,1,0,Browsing,100,0.0012912750244140625,7.747650146484375e-05
2026-06-09 21:50:26,172.23.176.55,20.44.10.123,TCP,55053,443,1354,1,1,0,Browsing,100,0.0012912750244140625,7.747650146484375e-05
2026-06-09 21:50:26,172.23.176.55,20.44.10.123,TCP,55053,443,1354,1,1,0,Browsing,100,0.0012912750244140625,7.747650146484375e-05
2026-06-09 21:50:26,172.23.176.55,20.44.10.123,TCP,55053,443,1354,1,1,0,Browsing,100,0.0012912750244140625,7.747650146484375e-05
2026-06-09 21:50:26,172.23.176.55,20.44.10.123,TCP,55053,443,372,1,1,0,Browsing,100,0.000354766845703125,2.12860107421875e-05
2026-06-09 21:50:26,20.44.10.123,172.23.176.55,TCP,443,55053,54,1,1,0,Unknown,30,5.14984130859375e-05,3.0899047851562498e-06
2026-06-09 21:50:26,20.44.10.123,172.23.176.55,TCP,443,55053,54,1,1,0,Unknown,30,5.14984130859375e-05,3.0899047851562498e-06
2026-06-09 21:50:26,20.44.10.123,172.23.176.55,TCP,443,55053,54,1,1,0,Unknown,30,5.14984130859375e-05,3.0899047851562498e-06
2026-06-09 21:50:26,20.44.10.123,172.23.176.55,TCP,443,55053,54,1,1,0,Unknown,30,5.14984130859375e-05,3.0899047851562498e-06
2026-06-09 21:50:26,20.44.10.123,172.23.176.55,TCP,443,55053,153,1,1,0,Unknown,30,0.00014591217041015625,8.754730224609375e-06
2026-06-09 21:50:26,172.23.176.55,20.44.10.123,TCP,55053,443,54,1,1,0,Browsing,100,5.14984130859375e-05,3.0899047851562498e-06
2026-06-09 21:50:28,172.23.176.55,20.44.10.123,TCP,55053,443,166,1,1,0,Browsing,100,0.0001583099365234375,9.498596191406249e-06
2026-06-09 21:50:28,172.23.176.55,20.44.10.123,TCP,55053,443,1354,1,1,0,Browsing,100,0.0012912750244140625,7.747650146484375e-05
2026-06-09 21:50:28,172.23.176.55,20.44.10.123,TCP,55053,443,1354,1,1,0,Browsing,100,0.0012912750244140625,7.747650146484375e-05
2026-06-09 21:50:28,172.23.176.55,20.44.10.123,TCP,55053,443,1354,1,1,0,Browsing,100,0.0012912750244140625,7.747650146484375e-05
2026-06-09 21:50:28,172.23.176.55,20.44.10.123,TCP,55053,443,1354,1,1,0,Browsing,100,0.0012912750244140625,7.747650146484375e-05
2026-06-09 21:50:28,172.23.176.55,20.44.10.123,TCP,55053,443,276,1,1,0,Browsing,100,0.000263214111328125,1.57928466796875e-05
2026-06-09 21:50:28,20.44.10.123,172.23.176.55,TCP,443,55053,54,1,1,0,Unknown,30,5.14984130859375e-05,3.0899047851562498e-06
2026-06-09 21:50:28,20.44.10.123,172.23.176.55,TCP,443,55053,54,1,1,0,Unknown,30,5.14984130859375e-05,3.0899047851562498e-06
2026-06-09 21:50:28,20.44.10.123,172.23.176.55,TCP,443,55053,54,1,1,0,Unknown,30,5.14984130859375e-05,3.0899047851562498e-06
2026-06-09 21:50:28,20.44.10.123,172.23.176.55,TCP,443,55053,148,1,1,0,Unknown,30,0.000141143798828125,8.468627929687499e-06
2026-06-09 21:50:28,172.23.176.55,20.44.10.123,TCP,55053,443,54,1,1,0,Browsing,100,5.14984130859375e-05,3.0899047851562498e-06
2026-06-09 21:50:30,172.23.176.55,20.44.10.123,TCP,55053,443,166,1,1,0,Browsing,100,0.0001583099365234375,9.498596191406249e-06
2026-06-09 21:50:30,172.23.176.55,20.44.10.123,TCP,55053,443,1354,1,1,0,Browsing,100,0.0012912750244140625,7.747650146484375e-05
2026-06-09 21:50:30,172.23.176.55,20.44.10.123,TCP,55053,443,1354,1,1,0,Browsing,100,0.0012912750244140625,7.747650146484375e-05
2026-06-09 21:50:30,172.23.176.55,20.44.10.123,TCP,55053,443,1354,1,1,0,Browsing,100,0.0012912750244140625,7.747650146484375e-05
2026-06-09 21:50:30,172.23.176.55,20.44.10.123,TCP,55053,443,1354,1,1,0,Browsing,100,0.0012912750244140625,7.747650146484375e-05
2026-06-09 21:50:30,172.23.176.55,20.44.10.123,TCP,55053,443,276,1,1,0,Browsing,100,0.000263214111328125,1.57928466796875e-05
2026-06-09 21:50:30,20.44.10.123,172.23.176.55,TCP,443,55053,54,1,1,0,Unknown,30,5.14984130859375e-05,3.0899047851562498e-06
2026-06-09 21:50:30,20.44.10.123,172.23.176.55,TCP,443,55053,54,1,1,0,Unknown,30,5.14984130859375e-05,3.0899047851562498e-06
2026-06-09 21:50:30,20.44.10.123,172.23.176.55,TCP,443,55053,54,1,1,0,Unknown,30,5.14984130859375e-05,3.0899047851562498e-06
2026-06-09 21:50:30,20.44.10.123,172.23.176.55,TCP,443,55053,148,1,1,0,Unknown,30,0.000141143798828125,8.468627929687499e-06
2026-06-09 21:50:30,172.23.176.55,20.44.10.123,TCP,55053,443,89,1,1,0,Browsing,100,8.487701416015625e-05,5.092620849609375e-06
2026-06-09 21:50:31,35.211.148.231,172.23.176.55,TCP,443,54969,1354,1,1,0,Unknown,30,0.0012912750244140625,7.747650146484375e-05
2026-06-09 21:50:31,20.44.10.123,172.23.176.55,TCP,443,55053,54,1,1,0,Unknown,30,5.14984130859375e-05,3.0899047851562498e-06
2026-06-09 21:50:32,172.23.176.55,20.44.10.123,TCP,55053,443,166,1,1,0,Browsing,100,0.0001583099365234375,9.498596191406249e-06
2026-06-09 21:50:32,172.23.176.55,20.44.10.123,TCP,55053,443,1354,1,1,0,Browsing,100,0.0012912750244140625,7.747650146484375e-05
2026-06-09 21:50:32,172.23.176.55,20.44.10.123,TCP,55053,443,1354,1,1,0,Browsing,100,0.0012912750244140625,7.747650146484375e-05
2026-06-09 21:50:32,172.23.176.55,20.44.10.123,TCP,55053,443,1354,1,1,0,Browsing,100,0.0012912750244140625,7.747650146484375e-05
2026-06-09 21:50:32,172.23.176.55,20.44.10.123,TCP,55053,443,1354,1,1,0,Browsing,100,0.0012912750244140625,7.747650146484375e-05
2026-06-09 21:50:32,172.23.176.55,20.44.10.123,TCP,55053,443,1354,1,1,0,Browsing,100,0.0012912750244140625,7.747650146484375e-05
2026-06-09 21:50:32,172.23.176.55,20.44.10.123,TCP,55053,443,1354,1,1,0,Browsing,100,0.0012912750244140625,7.747650146484375e-05
2026-06-09 21:50:32,172.23.176.55,20.44.10.123,TCP,55053,443,372,1,1,0,Browsing,100,0.000354766845703125,2.12860107421875e-05
2026-06-09 21:50:33,20.44.10.123,172.23.176.55,TCP,443,55053,54,1,1,0,Unknown,30,5.14984130859375e-05,3.0899047851562498e-06
2026-06-09 21:50:33,20.44.10.123,172.23.176.55,TCP,443,55053,54,1,1,0,Unknown,30,5.14984130859375e-05,3.0899047851562498e-06
2026-06-09 21:50:33,20.44.10.123,172.23.176.55,TCP,443,55053,54,1,1,0,Unknown,30,5.14984130859375e-05,3.0899047851562498e-06
2026-06-09 21:50:33,20.44.10.123,172.23.176.55,TCP,443,55053,54,1,1,0,Unknown,30,5.14984130859375e-05,3.0899047851562498e-06
2026-06-09 21:50:33,20.44.10.123,172.23.176.55,TCP,443,55053,148,1,1,0,Unknown,30,0.000141143798828125,8.468627929687499e-06
2026-06-09 21:50:33,172.23.176.55,20.44.10.123,TCP,55053,443,54,1,1,0,Browsing,100,5.14984130859375e-05,3.0899047851562498e-06
2026-06-09 21:50:33,172.23.176.55,172.23.176.184,UDP,62519,53,71,2,0,1,System,30,6.771087646484375e-05,4.062652587890625e-06
2026-06-09 21:50:33,172.23.176.55,172.23.176.184,UDP,52016,53,71,2,0,1,System,30,6.771087646484375e-05,4.062652587890625e-06
2026-06-09 21:50:33,172.23.176.55,172.23.176.184,UDP,64510,53,71,2,0,1,System,30,6.771087646484375e-05,4.062652587890625e-06
2026-06-09 21:50:33,172.23.176.184,172.23.176.55,UDP,53,64510,103,2,0,1,Unknown,30,9.822845458984375e-05,5.893707275390625e-06
2026-06-09 21:50:33,172.23.176.184,172.23.176.55,UDP,53,64510,103,2,0,1,Unknown,30,9.822845458984375e-05,5.893707275390625e-06
2026-06-09 21:50:33,172.23.176.184,172.23.176.55,UDP,53,62519,132,2,0,1,Unknown,30,0.000125885009765625,7.5531005859375e-06
2026-06-09 21:50:33,172.23.176.184,172.23.176.55,UDP,53,52016,99,2,0,1,Unknown,30,9.441375732421875e-05,5.6648254394531245e-06
2026-06-09 21:50:34,172.23.176.55,20.44.10.123,TCP,55053,443,166,1,1,0,Browsing,100,0.0001583099365234375,9.498596191406249e-06
2026-06-09 21:50:34,172.23.176.55,20.44.10.123,TCP,55053,443,1354,1,1,0,Browsing,100,0.0012912750244140625,7.747650146484375e-05
2026-06-09 21:50:34,172.23.176.55,20.44.10.123,TCP,55053,443,1354,1,1,0,Browsing,100,0.0012912750244140625,7.747650146484375e-05
2026-06-09 21:50:34,172.23.176.55,20.44.10.123,TCP,55053,443,1354,1,1,0,Browsing,100,0.0012912750244140625,7.747650146484375e-05
2026-06-09 21:50:34,172.23.176.55,20.44.10.123,TCP,55053,443,1354,1,1,0,Browsing,100,0.0012912750244140625,7.747650146484375e-05
2026-06-09 21:50:34,172.23.176.55,20.44.10.123,TCP,55053,443,1354,1,1,0,Browsing,100,0.0012912750244140625,7.747650146484375e-05
2026-06-09 21:50:34,172.23.176.55,20.44.10.123,TCP,55053,443,1354,1,1,0,Browsing,100,0.0012912750244140625,7.747650146484375e-05
2026-06-09 21:50:34,172.23.176.55,20.44.10.123,TCP,55053,443,372,1,1,0,Browsing,100,0.000354766845703125,2.12860107421875e-05
2026-06-09 21:50:35,172.23.176.55,20.44.10.123,TCP,55053,443,1354,1,1,0,Browsing,100,0.0012912750244140625,7.747650146484375e-05
2026-06-09 21:50:35,20.44.10.123,172.23.176.55,TCP,443,55053,54,1,1,0,Unknown,30,5.14984130859375e-05,3.0899047851562498e-06
2026-06-09 21:50:35,20.44.10.123,172.23.176.55,TCP,443,55053,54,1,1,0,Unknown,30,5.14984130859375e-05,3.0899047851562498e-06
2026-06-09 21:50:35,20.44.10.123,172.23.176.55,TCP,443,55053,54,1,1,0,Unknown,30,5.14984130859375e-05,3.0899047851562498e-06
2026-06-09 21:50:35,20.44.10.123,172.23.176.55,TCP,443,55053,54,1,1,0,Unknown,30,5.14984130859375e-05,3.0899047851562498e-06
2026-06-09 21:50:35,20.44.10.123,172.23.176.55,TCP,443,55053,148,1,1,0,Unknown,30,0.000141143798828125,8.468627929687499e-06
2026-06-09 21:50:35,172.23.176.55,20.44.10.123,TCP,55053,443,54,1,1,0,Browsing,100,5.14984130859375e-05,3.0899047851562498e-06
2026-06-09 21:50:35,20.44.10.123,172.23.176.55,TCP,443,55053,66,1,1,0,Unknown,30,6.29425048828125e-05,3.77655029296875e-06
2026-06-09 21:50:35,20.44.10.123,172.23.176.55,TCP,443,55053,148,1,1,0,Unknown,30,0.000141143798828125,8.468627929687499e-06
2026-06-09 21:50:35,172.23.176.55,20.44.10.123,TCP,55053,443,66,1,1,0,Browsing,100,6.29425048828125e-05,3.77655029296875e-06
2026-06-09 21:50:37,172.23.176.55,20.44.10.123,TCP,55053,443,166,1,1,0,Browsing,100,0.0001583099365234375,9.498596191406249e-06
2026-06-09 21:50:37,172.23.176.55,20.44.10.123,TCP,55053,443,1354,1,1,0,Browsing,100,0.0012912750244140625,7.747650146484375e-05
2026-06-09 21:50:37,172.23.176.55,20.44.10.123,TCP,55053,443,1354,1,1,0,Browsing,100,0.0012912750244140625,7.747650146484375e-05
2026-06-09 21:50:37,172.23.176.55,20.44.10.123,TCP,55053,443,1354,1,1,0,Browsing,100,0.0012912750244140625,7.747650146484375e-05
2026-06-09 21:50:37,172.23.176.55,20.44.10.123,TCP,55053,443,1354,1,1,0,Browsing,100,0.0012912750244140625,7.747650146484375e-05
2026-06-09 21:50:37,172.23.176.55,20.44.10.123,TCP,55053,443,1354,1,1,0,Browsing,100,0.0012912750244140625,7.747650146484375e-05
2026-06-09 21:50:37,172.23.176.55,20.44.10.123,TCP,55053,443,1354,1,1,0,Browsing,100,0.0012912750244140625,7.747650146484375e-05
2026-06-09 21:50:37,172.23.176.55,20.44.10.123,TCP,55053,443,372,1,1,0,Browsing,100,0.000354766845703125,2.12860107421875e-05
2026-06-09 21:50:37,20.44.10.123,172.23.176.55,TCP,443,55053,54,1,1,0,Unknown,30,5.14984130859375e-05,3.0899047851562498e-06
2026-06-09 21:50:37,20.44.10.123,172.23.176.55,TCP,443,55053,54,1,1,0,Unknown,30,5.14984130859375e-05,3.0899047851562498e-06
2026-06-09 21:50:37,20.44.10.123,172.23.176.55,TCP,443,55053,54,1,1,0,Unknown,30,5.14984130859375e-05,3.0899047851562498e-06
2026-06-09 21:50:37,20.44.10.123,172.23.176.55,TCP,443,55053,54,1,1,0,Unknown,30,5.14984130859375e-05,3.0899047851562498e-06
2026-06-09 21:50:37,20.44.10.123,172.23.176.55,TCP,443,55053,153,1,1,0,Unknown,30,0.00014591217041015625,8.754730224609375e-06
2026-06-09 21:50:37,172.23.176.55,20.44.10.123,TCP,55053,443,89,1,1,0,Browsing,100,8.487701416015625e-05,5.092620849609375e-06
2026-06-09 21:50:37,20.44.10.123,172.23.176.55,TCP,443,55053,54,1,1,0,Unknown,30,5.14984130859375e-05,3.0899047851562498e-06
2026-06-09 21:50:39,172.23.176.55,20.44.10.123,TCP,55053,443,166,1,1,0,Browsing,100,0.0001583099365234375,9.498596191406249e-06
2026-06-09 21:50:39,172.23.176.55,20.44.10.123,TCP,55053,443,1354,1,1,0,Browsing,100,0.0012912750244140625,7.747650146484375e-05
2026-06-09 21:50:39,172.23.176.55,20.44.10.123,TCP,55053,443,1354,1,1,0,Browsing,100,0.0012912750244140625,7.747650146484375e-05
2026-06-09 21:50:39,172.23.176.55,20.44.10.123,TCP,55053,443,1354,1,1,0,Browsing,100,0.0012912750244140625,7.747650146484375e-05
2026-06-09 21:50:39,172.23.176.55,20.44.10.123,TCP,55053,443,1354,1,1,0,Browsing,100,0.0012912750244140625,7.747650146484375e-05
2026-06-09 21:50:39,172.23.176.55,20.44.10.123,TCP,55053,443,1354,1,1,0,Browsing,100,0.0012912750244140625,7.747650146484375e-05
2026-06-09 21:50:39,172.23.176.55,20.44.10.123,TCP,55053,443,1354,1,1,0,Browsing,100,0.0012912750244140625,7.747650146484375e-05
2026-06-09 21:50:39,172.23.176.55,20.44.10.123,TCP,55053,443,372,1,1,0,Browsing,100,0.000354766845703125,2.12860107421875e-05
2026-06-09 21:50:39,20.44.10.123,172.23.176.55,TCP,443,55053,54,1,1,0,Unknown,30,5.14984130859375e-05,3.0899047851562498e-06
2026-06-09 21:50:39,20.44.10.123,172.23.176.55,TCP,443,55053,54,1,1,0,Unknown,30,5.14984130859375e-05,3.0899047851562498e-06
2026-06-09 21:50:39,20.44.10.123,172.23.176.55,TCP,443,55053,54,1,1,0,Unknown,30,5.14984130859375e-05,3.0899047851562498e-06
2026-06-09 21:50:39,20.44.10.123,172.23.176.55,TCP,443,55053,54,1,1,0,Unknown,30,5.14984130859375e-05,3.0899047851562498e-06
2026-06-09 21:50:39,20.44.10.123,172.23.176.55,TCP,443,55053,89,1,1,0,Unknown,30,8.487701416015625e-05,5.092620849609375e-06
2026-06-09 21:50:39,172.23.176.55,20.44.10.123,TCP,55053,443,54,1,1,0,Browsing,100,5.14984130859375e-05,3.0899047851562498e-06
2026-06-09 21:50:39,20.44.10.123,172.23.176.55,TCP,443,55053,149,1,1,0,Unknown,30,0.00014209747314453125,8.525848388671875e-06
2026-06-09 21:50:39,172.23.176.55,20.44.10.123,TCP,55053,443,54,1,1,0,Browsing,100,5.14984130859375e-05,3.0899047851562498e-06
2026-06-09 21:50:41,172.23.176.55,20.44.10.123,TCP,55053,443,166,1,1,0,Browsing,100,0.0001583099365234375,9.498596191406249e-06
2026-06-09 21:50:41,172.23.176.55,20.44.10.123,TCP,55053,443,1354,1,1,0,Browsing,100,0.0012912750244140625,7.747650146484375e-05
2026-06-09 21:50:41,172.23.176.55,20.44.10.123,TCP,55053,443,1354,1,1,0,Browsing,100,0.0012912750244140625,7.747650146484375e-05
2026-06-09 21:50:41,172.23.176.55,20.44.10.123,TCP,55053,443,1354,1,1,0,Browsing,100,0.0012912750244140625,7.747650146484375e-05
2026-06-09 21:50:41,172.23.176.55,20.44.10.123,TCP,55053,443,1354,1,1,0,Browsing,100,0.0012912750244140625,7.747650146484375e-05
2026-06-09 21:50:41,172.23.176.55,20.44.10.123,TCP,55053,443,1354,1,1,0,Browsing,100,0.0012912750244140625,7.747650146484375e-05
2026-06-09 21:50:41,172.23.176.55,20.44.10.123,TCP,55053,443,1354,1,1,0,Browsing,100,0.0012912750244140625,7.747650146484375e-05
2026-06-09 21:50:41,172.23.176.55,20.44.10.123,TCP,55053,443,372,1,1,0,Browsing,100,0.000354766845703125,2.12860107421875e-05
2026-06-09 21:50:41,20.44.10.123,172.23.176.55,TCP,443,55053,54,1,1,0,Unknown,30,5.14984130859375e-05,3.0899047851562498e-06
2026-06-09 21:50:41,20.44.10.123,172.23.176.55,TCP,443,55053,54,1,1,0,Unknown,30,5.14984130859375e-05,3.0899047851562498e-06
2026-06-09 21:50:41,20.44.10.123,172.23.176.55,TCP,443,55053,54,1,1,0,Unknown,30,5.14984130859375e-05,3.0899047851562498e-06
2026-06-09 21:50:41,20.44.10.123,172.23.176.55,TCP,443,55053,54,1,1,0,Unknown,30,5.14984130859375e-05,3.0899047851562498e-06
2026-06-09 21:50:41,20.44.10.123,172.23.176.55,TCP,443,55053,153,1,1,0,Unknown,30,0.00014591217041015625,8.754730224609375e-06
2026-06-09 21:50:41,172.23.176.55,20.44.10.123,TCP,55053,443,54,1,1,0,Browsing,100,5.14984130859375e-05,3.0899047851562498e-06
2026-06-09 21:50:43,172.23.176.55,20.44.10.123,TCP,55053,443,166,1,1,0,Browsing,100,0.0001583099365234375,9.498596191406249e-06
2026-06-09 21:50:43,172.23.176.55,20.44.10.123,TCP,55053,443,1354,1,1,0,Browsing,100,0.0012912750244140625,7.747650146484375e-05
2026-06-09 21:50:43,172.23.176.55,20.44.10.123,TCP,55053,443,1354,1,1,0,Browsing,100,0.0012912750244140625,7.747650146484375e-05
2026-06-09 21:50:43,172.23.176.55,20.44.10.123,TCP,55053,443,1354,1,1,0,Browsing,100,0.0012912750244140625,7.747650146484375e-05
2026-06-09 21:50:43,172.23.176.55,20.44.10.123,TCP,55053,443,1354,1,1,0,Browsing,100,0.0012912750244140625,7.747650146484375e-05
2026-06-09 21:50:43,172.23.176.55,20.44.10.123,TCP,55053,443,276,1,1,0,Browsing,100,0.000263214111328125,1.57928466796875e-05
2026-06-09 21:50:43,172.23.176.55,20.44.10.123,TCP,55053,443,1354,1,1,0,Browsing,100,0.0012912750244140625,7.747650146484375e-05
2026-06-09 21:50:44,20.44.10.123,172.23.176.55,TCP,443,55053,54,1,1,0,Unknown,30,5.14984130859375e-05,3.0899047851562498e-06
2026-06-09 21:50:44,20.44.10.123,172.23.176.55,TCP,443,55053,54,1,1,0,Unknown,30,5.14984130859375e-05,3.0899047851562498e-06
2026-06-09 21:50:44,20.44.10.123,172.23.176.55,TCP,443,55053,54,1,1,0,Unknown,30,5.14984130859375e-05,3.0899047851562498e-06
2026-06-09 21:50:44,20.44.10.123,172.23.176.55,TCP,443,55053,150,1,1,0,Unknown,30,0.0001430511474609375,8.58306884765625e-06
2026-06-09 21:50:44,172.23.176.55,20.44.10.123,TCP,55053,443,54,1,1,0,Browsing,100,5.14984130859375e-05,3.0899047851562498e-06
2026-06-09 21:50:44,172.23.176.55,20.44.10.123,TCP,55053,443,89,1,1,0,Browsing,100,8.487701416015625e-05,5.092620849609375e-06
2026-06-09 21:50:44,20.44.10.123,172.23.176.55,TCP,443,55053,150,1,1,0,Unknown,30,0.0001430511474609375,8.58306884765625e-06
2026-06-09 21:50:44,172.23.176.55,20.44.10.123,TCP,55053,443,66,1,1,0,Browsing,100,6.29425048828125e-05,3.77655029296875e-06
2026-06-09 21:50:44,20.44.10.123,172.23.176.55,TCP,443,55053,66,1,1,0,Unknown,30,6.29425048828125e-05,3.77655029296875e-06
2026-06-09 21:50:44,20.44.10.123,172.23.176.55,TCP,443,55053,54,1,1,0,Unknown,30,5.14984130859375e-05,3.0899047851562498e-06
2026-06-09 21:50:45,172.23.176.55,20.44.10.123,TCP,55053,443,166,1,1,0,Browsing,100,0.0001583099365234375,9.498596191406249e-06
2026-06-09 21:50:45,172.23.176.55,20.44.10.123,TCP,55053,443,1354,1,1,0,Browsing,100,0.0012912750244140625,7.747650146484375e-05
2026-06-09 21:50:45,172.23.176.55,20.44.10.123,TCP,55053,443,1354,1,1,0,Browsing,100,0.0012912750244140625,7.747650146484375e-05
2026-06-09 21:50:45,172.23.176.55,20.44.10.123,TCP,55053,443,1354,1,1,0,Browsing,100,0.0012912750244140625,7.747650146484375e-05
2026-06-09 21:50:45,172.23.176.55,20.44.10.123,TCP,55053,443,1354,1,1,0,Browsing,100,0.0012912750244140625,7.747650146484375e-05
2026-06-09 21:50:45,172.23.176.55,20.44.10.123,TCP,55053,443,1354,1,1,0,Browsing,100,0.0012912750244140625,7.747650146484375e-05
2026-06-09 21:50:45,172.23.176.55,20.44.10.123,TCP,55053,443,1354,1,1,0,Browsing,100,0.0012912750244140625,7.747650146484375e-05
2026-06-09 21:50:45,172.23.176.55,20.44.10.123,TCP,55053,443,372,1,1,0,Browsing,100,0.000354766845703125,2.12860107421875e-05
2026-06-09 21:50:45,20.44.10.123,172.23.176.55,TCP,443,55053,54,1,1,0,Unknown,30,5.14984130859375e-05,3.0899047851562498e-06
2026-06-09 21:50:45,20.44.10.123,172.23.176.55,TCP,443,55053,54,1,1,0,Unknown,30,5.14984130859375e-05,3.0899047851562498e-06
2026-06-09 21:50:45,20.44.10.123,172.23.176.55,TCP,443,55053,54,1,1,0,Unknown,30,5.14984130859375e-05,3.0899047851562498e-06
2026-06-09 21:50:46,20.44.10.123,172.23.176.55,TCP,443,55053,54,1,1,0,Unknown,30,5.14984130859375e-05,3.0899047851562498e-06
2026-06-09 21:50:46,20.44.10.123,172.23.176.55,TCP,443,55053,155,1,1,0,Unknown,30,0.00014781951904296875,8.869171142578124e-06
2026-06-09 21:50:46,172.23.176.55,20.44.10.123,TCP,55053,443,54,1,1,0,Browsing,100,5.14984130859375e-05,3.0899047851562498e-06
2026-06-09 21:50:47,172.23.176.55,20.44.10.123,TCP,55053,443,166,1,1,0,Browsing,100,0.0001583099365234375,9.498596191406249e-06
2026-06-09 21:50:47,172.23.176.55,20.44.10.123,TCP,55053,443,1354,1,1,0,Browsing,100,0.0012912750244140625,7.747650146484375e-05
2026-06-09 21:50:47,172.23.176.55,20.44.10.123,TCP,55053,443,1354,1,1,0,Browsing,100,0.0012912750244140625,7.747650146484375e-05
2026-06-09 21:50:47,172.23.176.55,20.44.10.123,TCP,55053,443,1354,1,1,0,Browsing,100,0.0012912750244140625,7.747650146484375e-05
2026-06-09 21:50:47,172.23.176.55,20.44.10.123,TCP,55053,443,1354,1,1,0,Browsing,100,0.0012912750244140625,7.747650146484375e-05
2026-06-09 21:50:47,172.23.176.55,20.44.10.123,TCP,55053,443,276,1,1,0,Browsing,100,0.000263214111328125,1.57928466796875e-05
2026-06-09 21:50:48,20.44.10.123,172.23.176.55,TCP,443,55053,54,1,1,0,Unknown,30,5.14984130859375e-05,3.0899047851562498e-06
2026-06-09 21:50:48,20.44.10.123,172.23.176.55,TCP,443,55053,54,1,1,0,Unknown,30,5.14984130859375e-05,3.0899047851562498e-06
2026-06-09 21:50:48,20.44.10.123,172.23.176.55,TCP,443,55053,54,1,1,0,Unknown,30,5.14984130859375e-05,3.0899047851562498e-06
2026-06-09 21:50:48,20.44.10.123,172.23.176.55,TCP,443,55053,151,1,1,0,Unknown,30,0.00014400482177734375,8.640289306640625e-06
2026-06-09 21:50:48,172.23.176.55,20.44.10.123,TCP,55053,443,54,1,1,0,Browsing,100,5.14984130859375e-05,3.0899047851562498e-06
2026-06-09 21:50:49,172.23.176.55,20.44.10.123,TCP,55053,443,166,1,1,0,Browsing,100,0.0001583099365234375,9.498596191406249e-06
2026-06-09 21:50:49,172.23.176.55,20.44.10.123,TCP,55053,443,1354,1,1,0,Browsing,100,0.0012912750244140625,7.747650146484375e-05
2026-06-09 21:50:49,172.23.176.55,20.44.10.123,TCP,55053,443,1354,1,1,0,Browsing,100,0.0012912750244140625,7.747650146484375e-05
2026-06-09 21:50:49,172.23.176.55,20.44.10.123,TCP,55053,443,1354,1,1,0,Browsing,100,0.0012912750244140625,7.747650146484375e-05
2026-06-09 21:50:49,172.23.176.55,20.44.10.123,TCP,55053,443,1354,1,1,0,Browsing,100,0.0012912750244140625,7.747650146484375e-05
2026-06-09 21:50:50,172.23.176.55,20.44.10.123,TCP,55053,443,1354,1,1,0,Browsing,100,0.0012912750244140625,7.747650146484375e-05
2026-06-09 21:50:50,172.23.176.55,20.44.10.123,TCP,55053,443,1354,1,1,0,Browsing,100,0.0012912750244140625,7.747650146484375e-05
2026-06-09 21:50:50,172.23.176.55,20.44.10.123,TCP,55053,443,372,1,1,0,Browsing,100,0.000354766845703125,2.12860107421875e-05
2026-06-09 21:50:50,20.44.10.123,172.23.176.55,TCP,443,55053,54,1,1,0,Unknown,30,5.14984130859375e-05,3.0899047851562498e-06
2026-06-09 21:50:50,20.44.10.123,172.23.176.55,TCP,443,55053,54,1,1,0,Unknown,30,5.14984130859375e-05,3.0899047851562498e-06
2026-06-09 21:50:50,20.44.10.123,172.23.176.55,TCP,443,55053,54,1,1,0,Unknown,30,5.14984130859375e-05,3.0899047851562498e-06
2026-06-09 21:50:50,20.44.10.123,172.23.176.55,TCP,443,55053,54,1,1,0,Unknown,30,5.14984130859375e-05,3.0899047851562498e-06
2026-06-09 21:50:50,20.44.10.123,172.23.176.55,TCP,443,55053,156,1,1,0,Unknown,30,0.000148773193359375,8.9263916015625e-06
2026-06-09 21:50:50,172.23.176.55,20.44.10.123,TCP,55053,443,89,1,1,0,Browsing,100,8.487701416015625e-05,5.092620849609375e-06
2026-06-09 21:50:50,20.44.10.123,172.23.176.55,TCP,443,55053,54,1,1,0,Unknown,30,5.14984130859375e-05,3.0899047851562498e-06
2026-06-09 21:50:52,172.23.176.55,20.44.10.123,TCP,55053,443,166,1,1,0,Browsing,100,0.0001583099365234375,9.498596191406249e-06
2026-06-09 21:50:52,172.23.176.55,20.44.10.123,TCP,55053,443,1354,1,1,0,Browsing,100,0.0012912750244140625,7.747650146484375e-05
2026-06-09 21:50:52,172.23.176.55,20.44.10.123,TCP,55053,443,1354,1,1,0,Browsing,100,0.0012912750244140625,7.747650146484375e-05
2026-06-09 21:50:52,172.23.176.55,20.44.10.123,TCP,55053,443,1354,1,1,0,Browsing,100,0.0012912750244140625,7.747650146484375e-05
2026-06-09 21:50:52,172.23.176.55,20.44.10.123,TCP,55053,443,1354,1,1,0,Browsing,100,0.0012912750244140625,7.747650146484375e-05
2026-06-09 21:50:52,172.23.176.55,20.44.10.123,TCP,55053,443,1354,1,1,0,Browsing,100,0.0012912750244140625,7.747650146484375e-05
2026-06-09 21:50:52,172.23.176.55,20.44.10.123,TCP,55053,443,1354,1,1,0,Browsing,100,0.0012912750244140625,7.747650146484375e-05
2026-06-09 21:50:52,172.23.176.55,20.44.10.123,TCP,55053,443,372,1,1,0,Browsing,100,0.000354766845703125,2.12860107421875e-05
2026-06-09 21:50:52,20.44.10.123,172.23.176.55,TCP,443,55053,54,1,1,0,Unknown,30,5.14984130859375e-05,3.0899047851562498e-06
2026-06-09 21:50:52,20.44.10.123,172.23.176.55,TCP,443,55053,54,1,1,0,Unknown,30,5.14984130859375e-05,3.0899047851562498e-06
2026-06-09 21:50:52,20.44.10.123,172.23.176.55,TCP,443,55053,54,1,1,0,Unknown,30,5.14984130859375e-05,3.0899047851562498e-06
2026-06-09 21:50:52,20.44.10.123,172.23.176.55,TCP,443,55053,54,1,1,0,Unknown,30,5.14984130859375e-05,3.0899047851562498e-06
2026-06-09 21:50:52,20.44.10.123,172.23.176.55,TCP,443,55053,152,1,1,0,Unknown,30,0.00014495849609375,8.697509765625e-06
2026-06-09 21:50:52,172.23.176.55,20.44.10.123,TCP,55053,443,54,1,1,0,Browsing,100,5.14984130859375e-05,3.0899047851562498e-06
2026-06-09 21:50:54,172.23.176.55,20.44.10.123,TCP,55053,443,167,1,1,0,Browsing,100,0.00015926361083984375,9.555816650390625e-06
2026-06-09 21:50:54,172.23.176.55,20.44.10.123,TCP,55053,443,1354,1,1,0,Browsing,100,0.0012912750244140625,7.747650146484375e-05
2026-06-09 21:50:54,172.23.176.55,20.44.10.123,TCP,55053,443,1354,1,1,0,Browsing,100,0.0012912750244140625,7.747650146484375e-05
2026-06-09 21:50:54,172.23.176.55,20.44.10.123,TCP,55053,443,1354,1,1,0,Browsing,100,0.0012912750244140625,7.747650146484375e-05
2026-06-09 21:50:54,172.23.176.55,20.44.10.123,TCP,55053,443,1354,1,1,0,Browsing,100,0.0012912750244140625,7.747650146484375e-05
2026-06-09 21:50:54,172.23.176.55,20.44.10.123,TCP,55053,443,276,1,1,0,Browsing,100,0.000263214111328125,1.57928466796875e-05
2026-06-09 21:50:54,172.23.176.55,20.44.10.123,TCP,55053,443,1354,1,1,0,Browsing,100,0.0012912750244140625,7.747650146484375e-05
2026-06-09 21:50:54,20.44.10.123,172.23.176.55,TCP,443,55053,54,1,1,0,Unknown,30,5.14984130859375e-05,3.0899047851562498e-06
2026-06-09 21:50:54,20.44.10.123,172.23.176.55,TCP,443,55053,54,1,1,0,Unknown,30,5.14984130859375e-05,3.0899047851562498e-06
2026-06-09 21:50:54,20.44.10.123,172.23.176.55,TCP,443,55053,54,1,1,0,Unknown,30,5.14984130859375e-05,3.0899047851562498e-06
2026-06-09 21:50:54,20.44.10.123,172.23.176.55,TCP,443,55053,152,1,1,0,Unknown,30,0.00014495849609375,8.697509765625e-06
2026-06-09 21:50:55,172.23.176.55,20.44.10.123,TCP,55053,443,54,1,1,0,Browsing,100,5.14984130859375e-05,3.0899047851562498e-06
2026-06-09 21:50:55,20.44.10.123,172.23.176.55,TCP,443,55053,152,1,1,0,Unknown,30,0.00014495849609375,8.697509765625e-06
2026-06-09 21:50:55,172.23.176.55,20.44.10.123,TCP,55053,443,66,1,1,0,Browsing,100,6.29425048828125e-05,3.77655029296875e-06
2026-06-09 21:50:55,20.44.10.123,172.23.176.55,TCP,443,55053,66,1,1,0,Unknown,30,6.29425048828125e-05,3.77655029296875e-06
2026-06-09 21:50:56,172.23.176.55,20.44.10.123,TCP,55053,443,174,1,1,0,Browsing,100,0.0001659393310546875,9.95635986328125e-06
2026-06-09 21:50:56,172.23.176.55,20.44.10.123,TCP,55053,443,1354,1,1,0,Browsing,100,0.0012912750244140625,7.747650146484375e-05
2026-06-09 21:50:56,172.23.176.55,20.44.10.123,TCP,55053,443,1354,1,1,0,Browsing,100,0.0012912750244140625,7.747650146484375e-05
2026-06-09 21:50:56,172.23.176.55,20.44.10.123,TCP,55053,443,1354,1,1,0,Browsing,100,0.0012912750244140625,7.747650146484375e-05
2026-06-09 21:50:56,172.23.176.55,20.44.10.123,TCP,55053,443,1354,1,1,0,Browsing,100,0.0012912750244140625,7.747650146484375e-05
2026-06-09 21:50:56,172.23.176.55,20.44.10.123,TCP,55053,443,1354,1,1,0,Browsing,100,0.0012912750244140625,7.747650146484375e-05
2026-06-09 21:50:56,172.23.176.55,20.44.10.123,TCP,55053,443,1354,1,1,0,Browsing,100,0.0012912750244140625,7.747650146484375e-05
2026-06-09 21:50:56,172.23.176.55,20.44.10.123,TCP,55053,443,1354,1,1,0,Browsing,100,0.0012912750244140625,7.747650146484375e-05
2026-06-09 21:50:56,172.23.176.55,20.44.10.123,TCP,55053,443,1354,1,1,0,Browsing,100,0.0012912750244140625,7.747650146484375e-05
2026-06-09 21:50:56,172.23.176.55,20.44.10.123,TCP,55053,443,468,1,1,0,Browsing,100,0.000446319580078125,2.67791748046875e-05
2026-06-09 21:50:56,20.44.10.123,172.23.176.55,TCP,443,55053,54,1,1,0,Unknown,30,5.14984130859375e-05,3.0899047851562498e-06
2026-06-09 21:50:56,20.44.10.123,172.23.176.55,TCP,443,55053,54,1,1,0,Unknown,30,5.14984130859375e-05,3.0899047851562498e-06
2026-06-09 21:50:56,20.44.10.123,172.23.176.55,TCP,443,55053,54,1,1,0,Unknown,30,5.14984130859375e-05,3.0899047851562498e-06
2026-06-09 21:50:56,20.44.10.123,172.23.176.55,TCP,443,55053,54,1,1,0,Unknown,30,5.14984130859375e-05,3.0899047851562498e-06
2026-06-09 21:50:56,20.44.10.123,172.23.176.55,TCP,443,55053,54,1,1,0,Unknown,30,5.14984130859375e-05,3.0899047851562498e-06
2026-06-09 21:50:56,20.44.10.123,172.23.176.55,TCP,443,55053,157,1,1,0,Unknown,30,0.00014972686767578125,8.983612060546875e-06
2026-06-09 21:50:56,172.23.176.55,20.44.10.123,TCP,55053,443,89,1,1,0,Browsing,100,8.487701416015625e-05,5.092620849609375e-06
2026-06-09 21:50:57,20.44.10.123,172.23.176.55,TCP,443,55053,54,1,1,0,Unknown,30,5.14984130859375e-05,3.0899047851562498e-06
2026-06-09 21:50:58,172.23.176.55,20.44.10.123,TCP,55053,443,169,1,1,0,Browsing,100,0.00016117095947265625,9.670257568359374e-06
2026-06-09 21:50:58,172.23.176.55,20.44.10.123,TCP,55053,443,1354,1,1,0,Browsing,100,0.0012912750244140625,7.747650146484375e-05
2026-06-09 21:50:59,172.23.176.55,20.44.10.123,TCP,55053,443,1354,1,1,0,Browsing,100,0.0012912750244140625,7.747650146484375e-05
2026-06-09 21:50:59,172.23.176.55,20.44.10.123,TCP,55053,443,1354,1,1,0,Browsing,100,0.0012912750244140625,7.747650146484375e-05
2026-06-09 21:50:59,172.23.176.55,20.44.10.123,TCP,55053,443,1354,1,1,0,Browsing,100,0.0012912750244140625,7.747650146484375e-05
2026-06-09 21:50:59,172.23.176.55,20.44.10.123,TCP,55053,443,1354,1,1,0,Browsing,100,0.0012912750244140625,7.747650146484375e-05
2026-06-09 21:50:59,172.23.176.55,20.44.10.123,TCP,55053,443,1354,1,1,0,Browsing,100,0.0012912750244140625,7.747650146484375e-05
2026-06-09 21:50:59,172.23.176.55,20.44.10.123,TCP,55053,443,372,1,1,0,Browsing,100,0.000354766845703125,2.12860107421875e-05
2026-06-09 21:50:59,20.44.10.123,172.23.176.55,TCP,443,55053,54,1,1,0,Unknown,30,5.14984130859375e-05,3.0899047851562498e-06
2026-06-09 21:50:59,20.44.10.123,172.23.176.55,TCP,443,55053,54,1,1,0,Unknown,30,5.14984130859375e-05,3.0899047851562498e-06
2026-06-09 21:50:59,20.44.10.123,172.23.176.55,TCP,443,55053,54,1,1,0,Unknown,30,5.14984130859375e-05,3.0899047851562498e-06
2026-06-09 21:50:59,20.44.10.123,172.23.176.55,TCP,443,55053,54,1,1,0,Unknown,30,5.14984130859375e-05,3.0899047851562498e-06
2026-06-09 21:50:59,20.44.10.123,172.23.176.55,TCP,443,55053,89,1,1,0,Unknown,30,8.487701416015625e-05,5.092620849609375e-06
2026-06-09 21:50:59,172.23.176.55,20.44.10.123,TCP,55053,443,54,1,1,0,Browsing,100,5.14984130859375e-05,3.0899047851562498e-06
2026-06-09 21:50:59,20.44.10.123,172.23.176.55,TCP,443,55053,158,1,1,0,Unknown,30,0.0001506805419921875,9.04083251953125e-06
2026-06-09 21:50:59,172.23.176.55,20.44.10.123,TCP,55053,443,54,1,1,0,Browsing,100,5.14984130859375e-05,3.0899047851562498e-06
2026-06-09 21:51:01,172.23.176.55,20.44.10.123,TCP,55053,443,170,1,1,0,Browsing,100,0.0001621246337890625,9.72747802734375e-06
2026-06-09 21:51:01,172.23.176.55,20.44.10.123,TCP,55053,443,1354,1,1,0,Browsing,100,0.0012912750244140625,7.747650146484375e-05
2026-06-09 21:51:01,172.23.176.55,20.44.10.123,TCP,55053,443,1354,1,1,0,Browsing,100,0.0012912750244140625,7.747650146484375e-05
2026-06-09 21:51:01,172.23.176.55,20.44.10.123,TCP,55053,443,1354,1,1,0,Browsing,100,0.0012912750244140625,7.747650146484375e-05
2026-06-09 21:51:01,172.23.176.55,20.44.10.123,TCP,55053,443,1354,1,1,0,Browsing,100,0.0012912750244140625,7.747650146484375e-05
2026-06-09 21:51:01,172.23.176.55,20.44.10.123,TCP,55053,443,1354,1,1,0,Browsing,100,0.0012912750244140625,7.747650146484375e-05
2026-06-09 21:51:01,172.23.176.55,20.44.10.123,TCP,55053,443,1354,1,1,0,Browsing,100,0.0012912750244140625,7.747650146484375e-05
2026-06-09 21:51:01,172.23.176.55,20.44.10.123,TCP,55053,443,372,1,1,0,Browsing,100,0.000354766845703125,2.12860107421875e-05
2026-06-09 21:51:01,20.44.10.123,172.23.176.55,TCP,443,55053,54,1,1,0,Unknown,30,5.14984130859375e-05,3.0899047851562498e-06
2026-06-09 21:51:01,20.44.10.123,172.23.176.55,TCP,443,55053,54,1,1,0,Unknown,30,5.14984130859375e-05,3.0899047851562498e-06
2026-06-09 21:51:01,20.44.10.123,172.23.176.55,TCP,443,55053,54,1,1,0,Unknown,30,5.14984130859375e-05,3.0899047851562498e-06
2026-06-09 21:51:01,20.44.10.123,172.23.176.55,TCP,443,55053,54,1,1,0,Unknown,30,5.14984130859375e-05,3.0899047851562498e-06
2026-06-09 21:51:01,20.44.10.123,172.23.176.55,TCP,443,55053,158,1,1,0,Unknown,30,0.0001506805419921875,9.04083251953125e-06
2026-06-09 21:51:01,172.23.176.55,20.44.10.123,TCP,55053,443,54,1,1,0,Browsing,100,5.14984130859375e-05,3.0899047851562498e-06
2026-06-09 21:51:03,172.23.176.55,20.44.10.123,TCP,55053,443,195,1,1,0,Browsing,100,0.00018596649169921875,1.1157989501953124e-05
2026-06-09 21:51:03,172.23.176.55,20.44.10.123,TCP,55053,443,1354,1,1,0,Browsing,100,0.0012912750244140625,7.747650146484375e-05
2026-06-09 21:51:03,172.23.176.55,20.44.10.123,TCP,55053,443,1354,1,1,0,Browsing,100,0.0012912750244140625,7.747650146484375e-05
2026-06-09 21:51:03,172.23.176.55,20.44.10.123,TCP,55053,443,1354,1,1,0,Browsing,100,0.0012912750244140625,7.747650146484375e-05
2026-06-09 21:51:03,172.23.176.55,20.44.10.123,TCP,55053,443,1354,1,1,0,Browsing,100,0.0012912750244140625,7.747650146484375e-05
2026-06-09 21:51:03,172.23.176.55,20.44.10.123,TCP,55053,443,276,1,1,0,Browsing,100,0.000263214111328125,1.57928466796875e-05
2026-06-09 21:51:03,20.44.10.123,172.23.176.55,TCP,443,55053,54,1,1,0,Unknown,30,5.14984130859375e-05,3.0899047851562498e-06
2026-06-09 21:51:03,20.44.10.123,172.23.176.55,TCP,443,55053,54,1,1,0,Unknown,30,5.14984130859375e-05,3.0899047851562498e-06
2026-06-09 21:51:03,20.44.10.123,172.23.176.55,TCP,443,55053,54,1,1,0,Unknown,30,5.14984130859375e-05,3.0899047851562498e-06
2026-06-09 21:51:03,20.44.10.123,172.23.176.55,TCP,443,55053,154,1,1,0,Unknown,30,0.0001468658447265625,8.81195068359375e-06
2026-06-09 21:51:03,172.23.176.55,20.44.10.123,TCP,55053,443,89,1,1,0,Browsing,100,8.487701416015625e-05,5.092620849609375e-06
2026-06-09 21:51:04,20.44.10.123,172.23.176.55,TCP,443,55053,54,1,1,0,Unknown,30,5.14984130859375e-05,3.0899047851562498e-06
2026-06-09 21:51:05,172.23.176.55,20.44.10.123,TCP,55053,443,508,1,1,0,Browsing,100,0.000484466552734375,2.90679931640625e-05
2026-06-09 21:51:05,172.23.176.55,20.44.10.123,TCP,55053,443,1354,1,1,0,Browsing,100,0.0012912750244140625,7.747650146484375e-05
2026-06-09 21:51:05,172.23.176.55,20.44.10.123,TCP,55053,443,1354,1,1,0,Browsing,100,0.0012912750244140625,7.747650146484375e-05
2026-06-09 21:51:05,172.23.176.55,20.44.10.123,TCP,55053,443,1354,1,1,0,Browsing,100,0.0012912750244140625,7.747650146484375e-05
2026-06-09 21:51:05,172.23.176.55,20.44.10.123,TCP,55053,443,1354,1,1,0,Browsing,100,0.0012912750244140625,7.747650146484375e-05
2026-06-09 21:51:05,172.23.176.55,20.44.10.123,TCP,55053,443,1354,1,1,0,Browsing,100,0.0012912750244140625,7.747650146484375e-05
2026-06-09 21:51:05,172.23.176.55,20.44.10.123,TCP,55053,443,1354,1,1,0,Browsing,100,0.0012912750244140625,7.747650146484375e-05
2026-06-09 21:51:05,172.23.176.55,20.44.10.123,TCP,55053,443,372,1,1,0,Browsing,100,0.000354766845703125,2.12860107421875e-05
2026-06-09 21:51:05,20.44.10.123,172.23.176.55,TCP,443,55053,54,1,1,0,Unknown,30,5.14984130859375e-05,3.0899047851562498e-06
2026-06-09 21:51:06,20.44.10.123,172.23.176.55,TCP,443,55053,54,1,1,0,Unknown,30,5.14984130859375e-05,3.0899047851562498e-06
2026-06-09 21:51:06,20.44.10.123,172.23.176.55,TCP,443,55053,54,1,1,0,Unknown,30,5.14984130859375e-05,3.0899047851562498e-06
2026-06-09 21:51:06,20.44.10.123,172.23.176.55,TCP,443,55053,54,1,1,0,Unknown,30,5.14984130859375e-05,3.0899047851562498e-06
2026-06-09 21:51:06,20.44.10.123,172.23.176.55,TCP,443,55053,159,1,1,0,Unknown,30,0.00015163421630859375,9.098052978515624e-06
2026-06-09 21:51:06,172.23.176.55,20.44.10.123,TCP,55053,443,54,1,1,0,Browsing,100,5.14984130859375e-05,3.0899047851562498e-06
2026-06-09 21:51:07,172.23.176.55,20.44.10.123,TCP,55053,443,167,1,1,0,Browsing,100,0.00015926361083984375,9.555816650390625e-06
2026-06-09 21:51:07,172.23.176.55,20.44.10.123,TCP,55053,443,1354,1,1,0,Browsing,100,0.0012912750244140625,7.747650146484375e-05
2026-06-09 21:51:07,172.23.176.55,20.44.10.123,TCP,55053,443,1354,1,1,0,Browsing,100,0.0012912750244140625,7.747650146484375e-05
2026-06-09 21:51:07,172.23.176.55,20.44.10.123,TCP,55053,443,1354,1,1,0,Browsing,100,0.0012912750244140625,7.747650146484375e-05
2026-06-09 21:51:07,172.23.176.55,20.44.10.123,TCP,55053,443,1354,1,1,0,Browsing,100,0.0012912750244140625,7.747650146484375e-05
2026-06-09 21:51:07,172.23.176.55,20.44.10.123,TCP,55053,443,276,1,1,0,Browsing,100,0.000263214111328125,1.57928466796875e-05
2026-06-09 21:51:08,20.44.10.123,172.23.176.55,TCP,443,55053,54,1,1,0,Unknown,30,5.14984130859375e-05,3.0899047851562498e-06
2026-06-09 21:51:08,20.44.10.123,172.23.176.55,TCP,443,55053,54,1,1,0,Unknown,30,5.14984130859375e-05,3.0899047851562498e-06
2026-06-09 21:51:08,20.44.10.123,172.23.176.55,TCP,443,55053,54,1,1,0,Unknown,30,5.14984130859375e-05,3.0899047851562498e-06
2026-06-09 21:51:08,20.44.10.123,172.23.176.55,TCP,443,55053,155,1,1,0,Unknown,30,0.00014781951904296875,8.869171142578124e-06
2026-06-09 21:51:08,172.23.176.55,20.44.10.123,TCP,55053,443,54,1,1,0,Browsing,100,5.14984130859375e-05,3.0899047851562498e-06
2026-06-09 21:51:10,172.23.176.55,20.44.10.123,TCP,55053,443,166,1,1,0,Browsing,100,0.0001583099365234375,9.498596191406249e-06
2026-06-09 21:51:10,172.23.176.55,20.44.10.123,TCP,55053,443,1354,1,1,0,Browsing,100,0.0012912750244140625,7.747650146484375e-05
2026-06-09 21:51:10,172.23.176.55,20.44.10.123,TCP,55053,443,1354,1,1,0,Browsing,100,0.0012912750244140625,7.747650146484375e-05
2026-06-09 21:51:10,172.23.176.55,20.44.10.123,TCP,55053,443,1354,1,1,0,Browsing,100,0.0012912750244140625,7.747650146484375e-05
2026-06-09 21:51:10,172.23.176.55,20.44.10.123,TCP,55053,443,1354,1,1,0,Browsing,100,0.0012912750244140625,7.747650146484375e-05
2026-06-09 21:51:10,172.23.176.55,20.44.10.123,TCP,55053,443,276,1,1,0,Browsing,100,0.000263214111328125,1.57928466796875e-05
2026-06-09 21:51:10,20.44.10.123,172.23.176.55,TCP,443,55053,54,1,1,0,Unknown,30,5.14984130859375e-05,3.0899047851562498e-06
2026-06-09 21:51:10,20.44.10.123,172.23.176.55,TCP,443,55053,54,1,1,0,Unknown,30,5.14984130859375e-05,3.0899047851562498e-06
2026-06-09 21:51:10,20.44.10.123,172.23.176.55,TCP,443,55053,54,1,1,0,Unknown,30,5.14984130859375e-05,3.0899047851562498e-06
2026-06-09 21:51:10,20.44.10.123,172.23.176.55,TCP,443,55053,155,1,1,0,Unknown,30,0.00014781951904296875,8.869171142578124e-06
2026-06-09 21:51:10,172.23.176.55,20.44.10.123,TCP,55053,443,89,1,1,0,Browsing,100,8.487701416015625e-05,5.092620849609375e-06
2026-06-09 21:51:10,172.23.176.55,20.44.10.123,TCP,55053,443,89,1,1,0,Browsing,100,8.487701416015625e-05,5.092620849609375e-06
2026-06-09 21:51:10,20.44.10.123,172.23.176.55,TCP,443,55053,54,1,1,0,Unknown,30,5.14984130859375e-05,3.0899047851562498e-06
2026-06-09 21:51:12,20.44.10.123,172.23.176.55,TCP,443,55053,66,1,1,0,Unknown,30,6.29425048828125e-05,3.77655029296875e-06
2026-06-09 21:51:12,172.23.176.55,20.44.10.123,TCP,55053,443,166,1,1,0,Browsing,100,0.0001583099365234375,9.498596191406249e-06
2026-06-09 21:51:12,172.23.176.55,20.44.10.123,TCP,55053,443,1354,1,1,0,Browsing,100,0.0012912750244140625,7.747650146484375e-05
2026-06-09 21:51:12,172.23.176.55,20.44.10.123,TCP,55053,443,1354,1,1,0,Browsing,100,0.0012912750244140625,7.747650146484375e-05
2026-06-09 21:51:12,172.23.176.55,20.44.10.123,TCP,55053,443,1354,1,1,0,Browsing,100,0.0012912750244140625,7.747650146484375e-05
2026-06-09 21:51:12,172.23.176.55,20.44.10.123,TCP,55053,443,1354,1,1,0,Browsing,100,0.0012912750244140625,7.747650146484375e-05
2026-06-09 21:51:12,172.23.176.55,20.44.10.123,TCP,55053,443,1354,1,1,0,Browsing,100,0.0012912750244140625,7.747650146484375e-05
2026-06-09 21:51:13,172.23.176.55,20.44.10.123,TCP,55053,443,1354,1,1,0,Browsing,100,0.0012912750244140625,7.747650146484375e-05
2026-06-09 21:51:13,172.23.176.55,20.44.10.123,TCP,55053,443,372,1,1,0,Browsing,100,0.000354766845703125,2.12860107421875e-05
2026-06-09 21:51:13,172.23.176.55,20.44.10.123,TCP,55053,443,1354,1,1,0,Browsing,100,0.0012912750244140625,7.747650146484375e-05
2026-06-09 21:51:13,20.44.10.123,172.23.176.55,TCP,443,55053,54,1,1,0,Unknown,30,5.14984130859375e-05,3.0899047851562498e-06
2026-06-09 21:51:13,20.44.10.123,172.23.176.55,TCP,443,55053,54,1,1,0,Unknown,30,5.14984130859375e-05,3.0899047851562498e-06
2026-06-09 21:51:13,20.44.10.123,172.23.176.55,TCP,443,55053,54,1,1,0,Unknown,30,5.14984130859375e-05,3.0899047851562498e-06
2026-06-09 21:51:13,20.44.10.123,172.23.176.55,TCP,443,55053,54,1,1,0,Unknown,30,5.14984130859375e-05,3.0899047851562498e-06
2026-06-09 21:51:13,20.44.10.123,172.23.176.55,TCP,443,55053,160,1,1,0,Unknown,30,0.000152587890625,9.1552734375e-06
2026-06-09 21:51:13,172.23.176.55,20.44.10.123,TCP,55053,443,54,1,1,0,Browsing,100,5.14984130859375e-05,3.0899047851562498e-06
2026-06-09 21:51:13,20.44.10.123,172.23.176.55,TCP,443,55053,66,1,1,0,Unknown,30,6.29425048828125e-05,3.77655029296875e-06
2026-06-09 21:51:13,20.44.10.123,172.23.176.55,TCP,443,55053,160,1,1,0,Unknown,30,0.000152587890625,9.1552734375e-06
2026-06-09 21:51:13,172.23.176.55,20.44.10.123,TCP,55053,443,66,1,1,0,Browsing,100,6.29425048828125e-05,3.77655029296875e-06
2026-06-09 21:51:14,172.23.176.55,20.44.10.123,TCP,55053,443,172,1,1,0,Browsing,100,0.000164031982421875,9.8419189453125e-06
2026-06-09 21:51:14,172.23.176.55,20.44.10.123,TCP,55053,443,1354,1,1,0,Browsing,100,0.0012912750244140625,7.747650146484375e-05
2026-06-09 21:51:15,172.23.176.55,20.44.10.123,TCP,55053,443,1354,1,1,0,Browsing,100,0.0012912750244140625,7.747650146484375e-05
2026-06-09 21:51:15,172.23.176.55,20.44.10.123,TCP,55053,443,1354,1,1,0,Browsing,100,0.0012912750244140625,7.747650146484375e-05
2026-06-09 21:51:16,172.23.176.55,20.44.10.123,TCP,55053,443,1354,1,1,0,Browsing,100,0.0012912750244140625,7.747650146484375e-05
2026-06-09 21:51:16,172.23.176.55,20.44.10.123,TCP,55053,443,1354,1,1,0,Browsing,100,0.0012912750244140625,7.747650146484375e-05
2026-06-09 21:51:16,172.23.176.55,20.44.10.123,TCP,55053,443,1354,1,1,0,Browsing,100,0.0012912750244140625,7.747650146484375e-05
2026-06-09 21:51:16,172.23.176.55,20.44.10.123,TCP,55053,443,1354,1,1,0,Browsing,100,0.0012912750244140625,7.747650146484375e-05
2026-06-09 21:51:16,172.23.176.55,20.44.10.123,TCP,55053,443,1354,1,1,0,Browsing,100,0.0012912750244140625,7.747650146484375e-05
2026-06-09 21:51:16,172.23.176.55,20.44.10.123,TCP,55053,443,1354,1,1,0,Browsing,100,0.0012912750244140625,7.747650146484375e-05
2026-06-09 21:51:16,172.23.176.55,20.44.10.123,TCP,55053,443,1354,1,1,0,Browsing,100,0.0012912750244140625,7.747650146484375e-05
2026-06-09 21:51:16,172.23.176.55,20.44.10.123,TCP,55053,443,1354,1,1,0,Browsing,100,0.0012912750244140625,7.747650146484375e-05
2026-06-09 21:51:16,20.44.10.123,172.23.176.55,TCP,443,55053,54,1,1,0,Unknown,30,5.14984130859375e-05,3.0899047851562498e-06
2026-06-09 21:51:16,20.44.10.123,172.23.176.55,TCP,443,55053,54,1,1,0,Unknown,30,5.14984130859375e-05,3.0899047851562498e-06
2026-06-09 21:51:16,172.23.176.55,20.44.10.123,TCP,55053,443,1354,1,1,0,Browsing,100,0.0012912750244140625,7.747650146484375e-05
2026-06-09 21:51:16,172.23.176.55,20.44.10.123,TCP,55053,443,660,1,1,0,Browsing,100,0.000629425048828125,3.77655029296875e-05
2026-06-09 21:51:16,20.44.10.123,172.23.176.55,TCP,443,55053,54,1,1,0,Unknown,30,5.14984130859375e-05,3.0899047851562498e-06
2026-06-09 21:51:16,20.44.10.123,172.23.176.55,TCP,443,55053,54,1,1,0,Unknown,30,5.14984130859375e-05,3.0899047851562498e-06
2026-06-09 21:51:16,20.44.10.123,172.23.176.55,TCP,443,55053,54,1,1,0,Unknown,30,5.14984130859375e-05,3.0899047851562498e-06
2026-06-09 21:51:16,20.44.10.123,172.23.176.55,TCP,443,55053,54,1,1,0,Unknown,30,5.14984130859375e-05,3.0899047851562498e-06
2026-06-09 21:51:16,20.44.10.123,172.23.176.55,TCP,443,55053,54,1,1,0,Unknown,30,5.14984130859375e-05,3.0899047851562498e-06
2026-06-09 21:51:16,20.44.10.123,172.23.176.55,TCP,443,55053,54,1,1,0,Unknown,30,5.14984130859375e-05,3.0899047851562498e-06
2026-06-09 21:51:16,20.44.10.123,172.23.176.55,TCP,443,55053,156,1,1,0,Unknown,30,0.000148773193359375,8.9263916015625e-06
2026-06-09 21:51:16,20.44.10.123,172.23.176.55,TCP,443,55053,156,1,1,0,Unknown,30,0.000148773193359375,8.9263916015625e-06
2026-06-09 21:51:16,172.23.176.55,20.44.10.123,TCP,55053,443,66,1,1,0,Browsing,100,6.29425048828125e-05,3.77655029296875e-06
2026-06-09 21:51:16,172.23.176.55,20.44.10.123,TCP,55053,443,89,1,1,0,Browsing,100,8.487701416015625e-05,5.092620849609375e-06
2026-06-09 21:51:16,20.44.10.123,172.23.176.55,TCP,443,55053,54,1,1,0,Unknown,30,5.14984130859375e-05,3.0899047851562498e-06
2026-06-09 21:51:17,172.23.176.55,172.23.176.184,UDP,63189,53,92,2,0,1,System,30,8.7738037109375e-05,5.2642822265625e-06
2026-06-09 21:51:17,172.23.176.55,172.23.176.184,UDP,55352,53,92,2,0,1,System,30,8.7738037109375e-05,5.2642822265625e-06
2026-06-09 21:51:17,172.23.176.55,172.23.176.184,UDP,54414,53,92,2,0,1,System,30,8.7738037109375e-05,5.2642822265625e-06
2026-06-09 21:51:17,172.23.176.55,20.44.10.123,TCP,55053,443,166,1,1,0,Browsing,100,0.0001583099365234375,9.498596191406249e-06
2026-06-09 21:51:17,172.23.176.55,20.44.10.123,TCP,55053,443,1354,1,1,0,Browsing,100,0.0012912750244140625,7.747650146484375e-05
2026-06-09 21:51:17,172.23.176.55,20.44.10.123,TCP,55053,443,1354,1,1,0,Browsing,100,0.0012912750244140625,7.747650146484375e-05
2026-06-09 21:51:17,172.23.176.55,20.44.10.123,TCP,55053,443,1354,1,1,0,Browsing,100,0.0012912750244140625,7.747650146484375e-05
2026-06-09 21:51:17,172.23.176.55,20.44.10.123,TCP,55053,443,1354,1,1,0,Browsing,100,0.0012912750244140625,7.747650146484375e-05
2026-06-09 21:51:18,172.23.176.55,20.44.10.123,TCP,55053,443,1354,1,1,0,Browsing,100,0.0012912750244140625,7.747650146484375e-05
2026-06-09 21:51:18,172.23.176.55,20.44.10.123,TCP,55053,443,1354,1,1,0,Browsing,100,0.0012912750244140625,7.747650146484375e-05
2026-06-09 21:51:18,172.23.176.55,20.44.10.123,TCP,55053,443,1354,1,1,0,Browsing,100,0.0012912750244140625,7.747650146484375e-05
2026-06-09 21:51:18,172.23.176.55,20.44.10.123,TCP,55053,443,1354,1,1,0,Browsing,100,0.0012912750244140625,7.747650146484375e-05
2026-06-09 21:51:18,172.23.176.55,20.44.10.123,TCP,55053,443,468,1,1,0,Browsing,100,0.000446319580078125,2.67791748046875e-05
2026-06-09 21:51:18,172.23.176.184,172.23.176.55,UDP,53,63189,263,2,0,1,Unknown,30,0.00025081634521484375,1.5048980712890624e-05
2026-06-09 21:51:18,172.23.176.184,172.23.176.55,UDP,53,55352,263,2,0,1,Unknown,30,0.00025081634521484375,1.5048980712890624e-05
2026-06-09 21:51:18,172.23.176.184,172.23.176.55,UDP,53,54414,219,2,0,1,Unknown,30,0.00020885467529296875,1.2531280517578124e-05
2026-06-09 21:51:18,20.44.10.123,172.23.176.55,TCP,443,55053,54,1,1,0,Unknown,30,5.14984130859375e-05,3.0899047851562498e-06
2026-06-09 21:51:18,20.44.10.123,172.23.176.55,TCP,443,55053,54,1,1,0,Unknown,30,5.14984130859375e-05,3.0899047851562498e-06
2026-06-09 21:51:18,20.44.10.123,172.23.176.55,TCP,443,55053,54,1,1,0,Unknown,30,5.14984130859375e-05,3.0899047851562498e-06
2026-06-09 21:51:18,20.44.10.123,172.23.176.55,TCP,443,55053,54,1,1,0,Unknown,30,5.14984130859375e-05,3.0899047851562498e-06
2026-06-09 21:51:19,172.23.176.55,20.44.10.123,TCP,55053,443,1354,1,1,0,Browsing,100,0.0012912750244140625,7.747650146484375e-05
2026-06-09 21:51:19,20.44.10.123,172.23.176.55,TCP,443,55053,66,1,1,0,Unknown,30,6.29425048828125e-05,3.77655029296875e-06
2026-06-09 21:51:20,172.23.176.55,172.23.176.184,UDP,62049,53,76,2,0,1,System,30,7.2479248046875e-05,4.3487548828125e-06
2026-06-09 21:51:20,172.23.176.55,172.23.176.184,UDP,50418,53,76,2,0,1,System,30,7.2479248046875e-05,4.3487548828125e-06
2026-06-09 21:51:20,172.23.176.184,172.23.176.55,UDP,53,62049,250,2,0,1,Unknown,30,0.0002384185791015625,1.430511474609375e-05
2026-06-09 21:51:20,172.23.176.184,172.23.176.55,UDP,53,50418,317,2,0,1,Unknown,30,0.00030231475830078125,1.8138885498046875e-05
2026-06-09 21:51:20,172.23.176.55,20.135.4.173,TCP,55090,443,66,1,1,0,Browsing,100,6.29425048828125e-05,3.77655029296875e-06
2026-06-09 21:51:20,172.23.176.55,20.44.10.123,TCP,55053,443,166,1,1,0,Browsing,100,0.0001583099365234375,9.498596191406249e-06
2026-06-09 21:51:20,172.23.176.55,20.44.10.123,TCP,55053,443,1354,1,1,0,Browsing,100,0.0012912750244140625,7.747650146484375e-05
2026-06-09 21:51:20,172.23.176.55,20.44.10.123,TCP,55053,443,1354,1,1,0,Browsing,100,0.0012912750244140625,7.747650146484375e-05
2026-06-09 21:51:20,172.23.176.55,20.44.10.123,TCP,55053,443,1354,1,1,0,Browsing,100,0.0012912750244140625,7.747650146484375e-05
2026-06-09 21:51:20,172.23.176.55,20.44.10.123,TCP,55053,443,1354,1,1,0,Browsing,100,0.0012912750244140625,7.747650146484375e-05
2026-06-09 21:51:20,172.23.176.55,20.44.10.123,TCP,55053,443,1354,1,1,0,Browsing,100,0.0012912750244140625,7.747650146484375e-05
2026-06-09 21:51:20,172.23.176.55,20.44.10.123,TCP,55053,443,1354,1,1,0,Browsing,100,0.0012912750244140625,7.747650146484375e-05
2026-06-09 21:51:20,172.23.176.55,20.44.10.123,TCP,55053,443,1354,1,1,0,Browsing,100,0.0012912750244140625,7.747650146484375e-05
2026-06-09 21:51:20,172.23.176.55,20.44.10.123,TCP,55053,443,1354,1,1,0,Browsing,100,0.0012912750244140625,7.747650146484375e-05
2026-06-09 21:51:20,172.23.176.55,20.44.10.123,TCP,55053,443,1354,1,1,0,Browsing,100,0.0012912750244140625,7.747650146484375e-05
2026-06-09 21:51:20,172.23.176.55,20.44.10.123,TCP,55053,443,1354,1,1,0,Browsing,100,0.0012912750244140625,7.747650146484375e-05
2026-06-09 21:51:20,172.23.176.55,20.44.10.123,TCP,55053,443,1354,1,1,0,Browsing,100,0.0012912750244140625,7.747650146484375e-05
2026-06-09 21:51:20,172.23.176.55,20.44.10.123,TCP,55053,443,1354,1,1,0,Browsing,100,0.0012912750244140625,7.747650146484375e-05
2026-06-09 21:51:20,172.23.176.55,20.44.10.123,TCP,55053,443,660,1,1,0,Browsing,100,0.000629425048828125,3.77655029296875e-05
2026-06-09 21:51:20,20.135.4.173,172.23.176.55,TCP,443,55090,70,1,1,0,Unknown,30,6.67572021484375e-05,4.00543212890625e-06
2026-06-09 21:51:20,172.23.176.55,20.135.4.173,TCP,55090,443,54,1,1,0,Browsing,100,5.14984130859375e-05,3.0899047851562498e-06
2026-06-09 21:51:21,172.23.176.55,20.135.4.173,TCP,55090,443,237,1,1,0,Browsing,100,0.00022602081298828125,1.3561248779296874e-05
2026-06-09 21:51:21,172.23.176.55,20.44.10.123,TCP,55053,443,1354,1,1,0,Browsing,100,0.0012912750244140625,7.747650146484375e-05
2026-06-09 21:51:21,20.44.10.123,172.23.176.55,TCP,443,55053,66,1,1,0,Unknown,30,6.29425048828125e-05,3.77655029296875e-06
2026-06-09 21:51:21,20.44.10.123,172.23.176.55,TCP,443,55053,66,1,1,0,Unknown,30,6.29425048828125e-05,3.77655029296875e-06
2026-06-09 21:51:21,20.44.10.123,172.23.176.55,TCP,443,55053,66,1,1,0,Unknown,30,6.29425048828125e-05,3.77655029296875e-06
2026-06-09 21:51:21,20.44.10.123,172.23.176.55,TCP,443,55053,66,1,1,0,Unknown,30,6.29425048828125e-05,3.77655029296875e-06
2026-06-09 21:51:21,20.44.10.123,172.23.176.55,TCP,443,55053,66,1,1,0,Unknown,30,6.29425048828125e-05,3.77655029296875e-06
2026-06-09 21:51:21,20.44.10.123,172.23.176.55,TCP,443,55053,66,1,1,0,Unknown,30,6.29425048828125e-05,3.77655029296875e-06
2026-06-09 21:51:21,20.44.10.123,172.23.176.55,TCP,443,55053,66,1,1,0,Unknown,30,6.29425048828125e-05,3.77655029296875e-06
2026-06-09 21:51:21,20.44.10.123,172.23.176.55,TCP,443,55053,66,1,1,0,Unknown,30,6.29425048828125e-05,3.77655029296875e-06
2026-06-09 21:51:21,20.44.10.123,172.23.176.55,TCP,443,55053,66,1,1,0,Unknown,30,6.29425048828125e-05,3.77655029296875e-06
2026-06-09 21:51:21,20.135.4.173,172.23.176.55,TCP,443,55090,1358,1,1,0,Unknown,30,0.0012950897216796875,7.770538330078125e-05
2026-06-09 21:51:21,20.135.4.173,172.23.176.55,TCP,443,55090,1358,1,1,0,Unknown,30,0.0012950897216796875,7.770538330078125e-05
2026-06-09 21:51:21,172.23.176.55,20.135.4.173,TCP,55090,443,54,1,1,0,Browsing,100,5.14984130859375e-05,3.0899047851562498e-06
2026-06-09 21:51:21,20.135.4.173,172.23.176.55,TCP,443,55090,1358,1,1,0,Unknown,30,0.0012950897216796875,7.770538330078125e-05
